Sample_ID,pH,BOD (mg/L),COD (mg/L),TSS (mg/L),TDS (mg/L),Chromium (mg/L),Sulfides (mg/L),Ammonia (mg/L),Conductivity (uS/cm),Temperature (°C),Status
DYEI_0001,7.95,2146.9,5885.27,1591.98,10583.07,45.17,27.43,111.94,12242.73,34.15,Critical
DYEI_0002,8.88,1905.4,7632.02,3003.4,8464.23,15.88,27.77,88.61,10038.3,40.38,Critical
DYEI_0003,9.3,3092.34,8716.06,1265.3,6068.32,42.15,52.94,50.62,6143.81,39.74,Critical
DYEI_0004,7.72,2673.09,7802.03,1207.87,12646.43,41.34,34.5,45.77,14141.39,34.6,Critical
DYEI_0005,7.57,2752.77,5302.24,1396.05,9080.68,15.64,45.22,87.71,9345.78,27.65,Critical
DYEI_0006,7.64,2187.93,9653.76,1480.66,8432.25,45.51,76.49,66.07,9390.47,36.27,Critical
DYEI_0007,7.08,1824.66,6432.32,3114.4,10437.27,30.77,67.89,51.57,9669.52,29.0,Critical
DYEI_0008,8.83,2778.89,8370.04,2529.15,9892.09,5.57,38.81,82.05,13838.46,32.04,Critical
DYEI_0009,9.15,7426.37,24264.91,3566.17,12897.07,55.89,60.96,118.58,17843.18,38.1,Critical
DYEI_0010,7.56,2377.12,8915.63,2378.64,13796.1,5.64,35.55,42.52,16255.66,37.37,Critical
DYEI_0011,9.48,3182.67,8062.94,1972.47,13229.95,31.21,51.22,36.55,15454.05,37.66,Critical
DYEI_0012,7.45,3979.2,8659.4,2134.65,9145.63,28.18,35.27,104.2,11384.67,36.96,Critical
DYEI_0013,8.66,3313.22,8872.22,2971.55,11435.54,11.18,67.61,65.13,11402.53,32.47,Critical
DYEI_0014,8.06,2623.42,6823.46,1528.71,7388.61,13.08,40.09,110.01,9672.0,41.76,Critical
DYEI_0015,9.15,2879.88,6866.02,1354.17,12082.95,21.68,86.5,103.02,14460.9,28.63,Critical
DYEI_0016,9.44,1912.25,6525.22,2845.46,7536.66,20.22,51.24,36.27,10508.57,36.13,Critical
DYEI_0017,7.63,3672.66,6653.12,1204.33,9697.14,34.16,31.41,100.32,9980.93,32.89,Critical
DYEI_0018,9.33,2900.99,5213.93,3271.63,11575.26,45.39,54.1,107.33,11310.51,38.62,Critical
DYEI_0019,9.14,3409.68,8987.95,2526.19,9179.49,34.74,21.83,84.56,9566.63,38.78,Critical
DYEI_0020,7.54,2693.37,5919.64,2394.09,10670.09,37.3,32.38,95.33,11706.12,36.78,Critical
DYEI_0021,7.44,2439.9,5774.59,1950.3,13569.7,15.11,34.17,29.57,17080.37,35.8,Critical
DYEI_0022,8.89,2848.91,8451.76,3197.88,11408.45,32.07,39.99,17.5,15691.4,28.95,Critical
DYEI_0023,9.38,2067.81,9433.99,3345.82,11861.24,21.32,82.14,99.29,15970.19,26.58,Critical
DYEI_0024,8.94,3684.32,8694.12,2951.96,6127.55,48.71,54.35,88.31,6602.92,32.19,Critical
DYEI_0025,8.43,2011.53,5413.75,1986.22,8856.4,30.97,61.89,55.63,10711.96,38.18,Critical
DYEI_0026,7.37,2026.26,5188.51,1250.11,13654.58,20.26,66.3,112.98,17529.98,30.33,Critical
DYEI_0027,8.36,2386.66,5578.2,2973.51,11466.84,43.6,48.69,60.86,14547.32,41.83,Critical
DYEI_0028,8.65,1935.87,9612.38,2053.82,11669.5,38.53,43.17,30.42,14376.63,36.59,Critical
DYEI_0029,8.97,3265.23,8431.44,2473.28,9930.71,30.5,52.45,70.88,13658.01,33.11,Critical
DYEI_0030,8.42,2738.08,9403.88,2185.16,9735.76,24.12,60.39,104.19,12473.01,39.4,Critical
DYEI_0031,9.32,3669.66,5117.96,2871.97,10977.53,27.78,83.18,95.48,13500.79,31.78,Critical
DYEI_0032,8.17,2932.27,8292.01,3379.43,11542.67,24.12,82.89,34.71,11681.2,41.43,Critical
DYEI_0033,8.09,2180.16,8652.18,1895.18,13127.86,10.99,37.38,75.54,11990.15,27.69,Critical
DYEI_0034,9.22,3032.43,6576.43,1631.98,13556.76,19.19,80.56,71.87,17461.66,31.48,Critical
DYEI_0035,8.92,3074.48,9469.47,3179.31,9751.76,46.7,90.48,55.41,8954.75,27.31,Critical
DYEI_0036,8.84,3316.86,5995.07,2159.76,13173.67,28.92,57.49,23.0,14438.67,36.6,Critical
DYEI_0037,7.22,3293.19,7059.17,1289.92,8115.98,33.75,78.46,69.52,9604.52,37.52,Critical
DYEI_0038,8.18,2903.35,7502.65,2178.69,9541.18,26.97,82.89,100.86,8889.9,37.19,Critical
DYEI_0039,8.86,2582.73,6821.7,3311.65,8060.69,19.47,89.01,87.62,7632.31,34.66,Critical
DYEI_0040,8.09,2101.55,9631.37,2260.16,13552.63,48.61,72.53,26.63,15759.2,35.57,Critical
DYEI_0041,9.32,1929.22,6291.65,1738.39,8008.93,14.53,90.43,87.13,10032.14,26.2,Critical
DYEI_0042,8.72,2693.67,5119.25,1226.84,11740.19,26.73,30.32,27.54,13200.36,35.36,Critical
DYEI_0043,8.05,3250.93,9621.0,3312.68,6725.49,27.13,40.81,98.61,6514.13,39.25,Critical
DYEI_0044,7.67,2212.76,5105.85,1487.11,9653.08,35.03,44.34,86.46,13277.99,37.03,Critical
DYEI_0045,7.64,3764.1,9140.9,2775.88,12314.71,19.48,52.0,64.79,13560.41,35.71,Critical
DYEI_0046,7.53,3512.95,9131.45,2075.48,11126.18,42.08,99.71,90.13,13556.86,33.5,Critical
DYEI_0047,8.03,3104.56,9929.0,2062.0,9439.14,29.4,32.36,110.5,12648.02,35.85,Critical
DYEI_0048,8.0,2307.2,6033.74,3456.68,9782.28,17.87,60.82,91.25,10351.6,33.44,Critical
DYEI_0049,8.67,3671.79,7663.62,2091.9,7564.62,32.4,46.66,57.83,8613.09,27.34,Critical
DYEI_0050,7.81,3637.57,8634.27,1971.79,8158.63,48.63,36.62,54.73,10536.36,36.64,Critical
DYEI_0051,9.44,3449.96,8753.42,2830.48,9270.17,39.12,48.45,114.17,12249.78,34.96,Critical
DYEI_0052,9.29,2734.4,9557.93,1451.13,11757.52,40.75,91.23,117.21,14574.9,39.09,Critical
DYEI_0053,7.54,2213.88,9664.8,1551.54,13845.96,27.81,55.74,92.84,12848.68,34.23,Critical
DYEI_0054,9.11,2691.54,7545.28,1211.71,9272.11,33.34,77.03,100.29,9981.39,39.36,Critical
DYEI_0055,8.57,2681.57,7438.19,1914.35,12616.84,14.2,52.27,53.67,15099.43,28.99,Critical
DYEI_0056,8.02,2711.51,5725.18,1228.78,11316.3,38.06,51.01,70.06,10443.34,39.84,Critical
DYEI_0057,7.34,3805.36,7069.32,2043.46,10634.55,14.76,84.55,30.88,14599.67,38.88,Critical
DYEI_0058,9.18,3867.6,6923.24,2261.05,10354.93,13.82,26.19,24.56,12523.19,37.92,Critical
DYEI_0059,9.14,2223.17,9261.02,3238.68,11145.53,48.82,49.69,24.7,11485.0,27.53,Critical
DYEI_0060,8.21,2273.83,5456.55,1313.38,8300.7,16.02,80.46,59.39,9744.53,35.86,Critical
DYEI_0061,7.22,2119.41,8954.92,3036.1,10095.21,46.54,76.28,81.46,13557.64,33.16,Critical
DYEI_0062,8.65,3180.63,8001.32,2796.71,9122.61,9.11,51.77,77.45,12352.05,33.79,Critical
DYEI_0063,7.43,2992.88,8903.51,2068.36,12407.82,8.94,21.37,17.03,13568.77,35.55,Critical
DYEI_0064,7.55,4939.79,19106.6,5041.4,6810.54,71.12,42.5,99.92,6925.36,30.66,Critical
DYEI_0065,8.05,2104.54,6751.9,1797.14,11601.91,35.21,69.33,53.92,15860.36,36.03,Critical
DYEI_0066,7.98,3976.23,7696.47,2769.5,9932.18,22.73,72.13,113.92,10143.07,33.76,Critical
DYEI_0067,7.94,3331.45,6971.06,1342.21,10256.78,5.23,81.69,112.26,11247.35,29.78,Critical
DYEI_0068,7.44,2228.05,7363.52,3465.2,12106.89,38.98,54.11,20.62,14325.1,28.5,Critical
DYEI_0069,8.86,2217.97,7073.4,2136.77,13581.44,24.63,53.11,99.01,15097.58,27.48,Critical
DYEI_0070,9.26,3994.74,5761.43,2020.69,10271.96,5.56,67.09,56.91,10969.03,26.49,Critical
DYEI_0071,7.85,1972.85,7326.2,1564.12,7415.55,40.26,22.32,67.61,8759.43,28.93,Critical
DYEI_0072,8.11,3446.11,6492.06,3284.99,7833.96,48.26,41.88,99.96,10104.42,34.66,Critical
DYEI_0073,7.41,3147.07,5561.91,3005.79,13625.45,29.3,33.47,27.64,18841.89,37.99,Critical
DYEI_0074,9.38,2381.76,5997.76,1254.45,13082.83,12.35,68.9,116.93,17208.5,30.52,Critical
DYEI_0075,9.49,2910.74,8027.07,1234.03,7560.92,45.53,49.31,64.43,9760.4,35.69,Critical
DYEI_0076,8.43,3792.8,9093.07,3095.56,8727.08,36.99,78.14,92.77,7895.09,38.81,Critical
DYEI_0077,7.86,4362.16,14491.24,3482.24,7741.7,47.55,92.85,113.69,10383.59,30.91,Critical
DYEI_0078,7.14,3245.93,9702.94,2834.76,12625.33,40.11,90.32,106.61,16695.5,36.56,Critical
DYEI_0079,7.54,3565.12,5276.93,3186.13,10472.41,43.48,70.5,106.02,13712.6,39.18,Critical
DYEI_0080,7.9,2223.5,8910.48,2136.7,9858.83,29.27,33.12,74.96,11479.61,32.42,Critical
DYEI_0081,7.82,1809.5,7918.78,1816.86,8694.55,11.32,83.44,58.4,9105.15,32.4,Critical
DYEI_0082,7.23,2414.41,5602.76,3098.69,9934.09,28.56,96.41,119.89,11051.16,27.63,Critical
DYEI_0083,9.21,2101.45,7661.84,2395.72,13825.11,43.5,79.63,66.17,15714.29,29.8,Critical
DYEI_0084,7.82,1827.09,8354.73,2049.03,12323.31,31.19,64.46,59.47,14903.75,38.82,Critical
DYEI_0085,7.44,2249.7,6606.46,2724.83,11067.04,45.15,43.4,21.77,12400.2,35.79,Critical
DYEI_0086,7.48,3368.45,8061.08,3446.22,8465.47,11.45,85.92,105.42,8372.85,30.25,Critical
DYEI_0087,8.67,2023.41,8372.18,1392.48,11732.68,25.57,84.86,102.57,15909.54,40.19,Critical
DYEI_0088,8.23,10207.66,20280.71,8195.6,10927.97,32.75,94.25,63.17,10514.05,39.64,Critical
DYEI_0089,9.01,2886.5,9749.03,2963.16,6242.98,15.88,33.38,16.86,7942.22,29.28,Critical
DYEI_0090,7.66,7228.12,33761.79,3051.42,6378.44,72.41,60.64,73.73,6260.49,27.01,Critical
DYEI_0091,7.35,2024.35,9843.11,2923.4,11337.64,29.18,85.58,77.59,15465.44,41.37,Critical
DYEI_0092,7.07,3378.59,8201.71,2341.39,10268.26,26.84,26.21,85.94,13860.62,30.14,Critical
DYEI_0093,8.19,3730.05,9208.72,2315.98,11904.75,26.03,84.09,50.76,15930.1,37.13,Critical
DYEI_0094,8.21,2995.7,9003.53,1407.13,6409.76,24.68,77.44,103.63,6641.07,30.99,Critical
DYEI_0095,7.03,2152.48,8783.31,3130.09,10708.48,18.54,77.58,116.84,14840.08,27.4,Critical
DYEI_0096,8.7,3854.31,5234.17,3029.86,6176.28,23.01,70.11,26.76,6822.83,34.31,Critical
DYEI_0097,8.94,2394.3,6345.08,2940.03,7815.91,12.95,34.5,96.61,10184.48,32.31,Critical
DYEI_0098,7.38,2396.0,9134.82,2110.53,8651.57,9.47,46.0,96.8,8473.1,39.14,Critical
DYEI_0099,7.53,2541.24,7857.59,1719.59,9497.04,28.42,36.26,18.15,10820.35,37.14,Critical
DYEI_0100,8.01,3914.11,6098.86,2631.71,7467.03,16.3,56.88,23.41,9188.61,36.6,Critical
DYEI_0101,7.17,2965.94,7931.0,3460.89,8690.11,9.22,33.63,111.02,12017.18,35.39,Critical
DYEI_0102,8.02,2328.07,7472.5,2510.33,6899.45,41.62,27.03,117.57,7232.43,38.1,Critical
DYEI_0103,8.63,2218.22,9907.38,2464.05,6683.26,41.9,78.68,53.55,8375.52,40.49,Critical
DYEI_0104,8.54,3026.66,7246.44,2611.99,13331.51,15.2,94.16,91.3,14336.11,38.72,Critical
DYEI_0105,9.19,3325.76,5560.38,2272.41,10626.49,27.16,57.16,75.33,9994.1,38.32,Critical
DYEI_0106,8.17,3335.04,5658.72,2780.65,10696.22,48.94,52.82,99.69,11055.27,36.78,Critical
DYEI_0107,8.94,2281.13,8201.25,2920.92,6046.33,35.64,83.76,60.98,7300.58,40.39,Critical
DYEI_0108,8.2,3069.51,6886.88,2637.0,13409.18,12.51,61.1,47.46,16403.56,33.44,Critical
DYEI_0109,7.29,2967.84,8622.87,2007.88,10393.37,33.04,81.67,56.2,11111.64,32.2,Critical
DYEI_0110,7.09,2905.24,5812.09,2475.48,11459.72,11.13,41.81,65.87,14718.7,36.72,Critical
DYEI_0111,8.55,2963.04,7604.14,2573.82,7328.05,35.72,56.69,117.65,9725.92,27.31,Critical
DYEI_0112,7.55,1971.02,6839.34,2096.15,6877.43,47.07,32.3,86.68,7435.77,33.51,Critical
DYEI_0113,8.89,2451.49,9162.14,1916.45,8358.06,26.28,83.3,72.38,7601.21,37.59,Critical
DYEI_0114,8.78,3299.08,6804.14,2298.01,13549.03,48.98,82.8,19.84,18661.18,30.27,Critical
DYEI_0115,7.77,3086.83,5283.74,3161.49,8224.0,12.58,80.05,58.25,8743.3,36.16,Critical
DYEI_0116,7.94,7827.25,26715.72,6583.76,9385.14,125.28,79.04,87.71,11774.18,38.92,Critical
DYEI_0117,8.37,3405.65,9970.11,1943.08,11830.22,17.42,33.91,78.82,12347.8,37.1,Critical
DYEI_0118,8.16,2211.72,8382.55,2903.86,11886.05,45.87,77.0,79.49,16198.61,32.11,Critical
DYEI_0119,7.05,2157.12,5409.12,2507.0,13034.77,23.85,50.73,16.98,17380.67,36.71,Critical
DYEI_0120,7.25,3060.4,6390.7,3427.15,10471.41,20.47,23.53,66.5,9684.47,29.15,Critical
DYEI_0121,9.11,2588.51,8096.2,1256.97,6721.02,49.22,94.45,45.05,7768.56,33.6,Critical
DYEI_0122,8.82,2087.0,5988.32,2448.96,12244.5,23.29,86.35,79.91,14108.3,34.61,Critical
DYEI_0123,7.3,2438.41,9823.35,1322.81,13727.18,31.27,73.94,61.69,13611.7,29.89,Critical
DYEI_0124,9.21,3569.11,7475.29,1608.57,11006.96,8.44,24.51,18.39,13956.79,33.08,Critical
DYEI_0125,8.77,3724.59,5947.72,1222.87,12138.02,46.55,37.88,57.56,12332.37,37.29,Critical
DYEI_0126,8.29,4744.92,18437.24,4116.76,11000.03,77.96,24.01,97.5,11615.18,28.18,Critical
DYEI_0127,8.14,2664.71,8789.28,3371.5,13332.74,33.85,66.51,92.28,12951.46,33.26,Critical
DYEI_0128,8.27,2998.36,8429.97,2633.02,6380.69,26.87,59.78,27.81,7282.25,37.42,Critical
DYEI_0129,8.86,1841.0,6326.62,1672.96,11007.3,38.33,45.56,58.78,15300.82,41.82,Critical
DYEI_0130,7.49,2540.39,8287.83,2397.06,6682.06,6.45,45.86,77.49,7961.95,27.06,Critical
DYEI_0131,8.67,3342.67,7287.41,2581.29,7786.09,37.06,46.54,80.61,7973.78,41.78,Critical
DYEI_0132,7.78,3964.47,5341.14,2024.79,6983.78,43.06,90.87,102.65,7104.99,35.94,Critical
DYEI_0133,8.25,1864.28,8905.34,1694.13,7688.35,20.41,38.84,87.9,9689.67,29.82,Critical
DYEI_0134,8.33,2417.11,6095.26,2727.35,10208.64,37.97,27.5,99.12,14120.67,40.73,Critical
DYEI_0135,7.82,2908.16,8629.58,1788.42,9250.57,49.49,39.08,113.55,10642.52,31.67,Critical
DYEI_0136,7.61,3121.03,7728.51,1418.29,9186.14,32.51,72.67,20.52,11412.82,29.73,Critical
DYEI_0137,8.12,2009.9,9773.73,2601.13,13465.3,13.16,27.51,95.43,18641.29,29.38,Critical
DYEI_0138,8.03,1893.24,7056.57,1781.56,9942.47,5.5,29.25,20.69,13653.2,40.74,Critical
DYEI_0139,8.36,2183.57,7258.84,2486.41,7649.14,11.73,66.93,97.76,8956.97,40.5,Critical
DYEI_0140,8.64,3418.57,9423.0,1956.52,11639.81,19.45,36.09,38.67,14509.04,34.27,Critical
DYEI_0141,7.17,2123.92,8215.09,2517.49,12399.81,11.17,44.77,43.23,11299.02,28.79,Critical
DYEI_0142,7.82,2796.71,6975.77,2722.22,13267.19,29.24,43.92,119.59,16535.7,40.09,Critical
DYEI_0143,9.09,2163.24,6431.3,1363.0,13402.05,16.8,93.32,114.32,14276.32,41.18,Critical
DYEI_0144,7.5,2969.13,9621.74,1598.17,10336.28,23.14,38.55,56.58,9756.24,38.86,Critical
DYEI_0145,7.81,1897.36,6612.95,1712.09,10520.28,27.14,62.49,119.87,10822.04,34.25,Critical
DYEI_0146,7.33,2927.11,7256.61,1648.37,11929.44,10.15,61.26,40.88,13468.33,33.6,Critical
DYEI_0147,9.49,2606.84,6862.77,2114.44,9304.54,48.49,57.31,116.5,13008.75,41.3,Critical
DYEI_0148,8.15,7455.55,31549.39,4462.27,9083.71,156.95,25.11,80.01,10258.17,36.87,Critical
DYEI_0149,8.54,2928.01,6680.52,2115.16,12913.21,15.33,78.96,72.54,11913.99,40.03,Critical
DYEI_0150,7.91,2965.85,9616.43,2960.5,13507.83,14.85,31.46,71.52,15973.74,33.02,Critical
DYEI_0151,7.25,1984.27,6460.55,1352.35,12900.56,14.22,86.41,57.96,18026.67,41.85,Critical
DYEI_0152,8.36,3096.85,6177.76,1586.07,10321.67,15.66,77.79,93.1,11718.89,40.2,Critical
DYEI_0153,8.48,3657.05,6058.31,1209.38,7080.9,34.02,23.52,78.01,9577.5,36.26,Critical
DYEI_0154,8.43,6139.14,21239.24,6587.77,9581.83,123.21,93.47,109.34,12025.5,37.52,Critical
DYEI_0155,8.29,2085.36,8833.91,2572.56,13341.85,26.16,55.61,69.37,18022.4,31.67,Critical
DYEI_0156,9.1,3536.89,9745.48,2127.55,13080.44,32.02,93.78,34.03,12084.62,32.62,Critical
DYEI_0157,7.08,3387.63,8409.6,2853.87,10318.88,28.18,42.68,61.6,12279.38,36.28,Critical
DYEI_0158,9.33,3804.93,5499.75,2678.03,10331.43,48.62,44.39,16.86,9758.01,39.37,Critical
DYEI_0159,7.99,3187.35,7445.35,2406.13,11895.27,14.55,48.83,59.65,14520.8,41.74,Critical
DYEI_0160,8.53,3861.24,5092.34,1676.52,6915.81,25.65,51.9,38.44,9561.18,37.22,Critical
DYEI_0161,8.72,3849.89,8583.24,3198.08,13031.69,7.4,57.72,26.42,15408.57,29.83,Critical
DYEI_0162,9.29,3136.84,8800.42,1839.55,11122.4,19.38,35.14,18.71,11533.5,26.89,Critical
DYEI_0163,8.78,2833.66,7937.34,2480.51,12169.21,31.87,95.53,60.42,12997.59,39.61,Critical
DYEI_0164,8.01,3427.29,6605.46,2593.57,8415.15,47.83,71.98,111.05,8336.32,34.83,Critical
DYEI_0165,8.38,1817.44,7492.7,1838.63,11077.67,45.53,81.46,47.82,12765.84,34.26,Critical
DYEI_0166,7.57,7596.75,10026.99,8281.63,9070.77,170.31,28.1,74.6,11809.57,26.87,Critical
DYEI_0167,8.14,3288.93,6197.55,1367.54,9934.03,33.4,96.75,115.15,10957.5,37.11,Critical
DYEI_0168,8.46,3095.96,7826.01,3230.82,13301.39,9.73,37.29,31.98,14731.9,33.37,Critical
DYEI_0169,9.17,7130.33,33706.91,2609.05,8976.83,16.53,81.77,65.6,10048.16,33.75,Critical
DYEI_0170,7.73,2437.25,5689.11,1513.13,13869.41,33.41,32.15,108.47,14680.55,35.45,Critical
DYEI_0171,7.12,3831.82,8524.8,2535.98,9609.21,48.85,86.67,103.44,8657.51,27.34,Critical
DYEI_0172,8.12,3602.82,8693.43,1653.82,7124.54,45.9,26.89,98.74,7372.46,40.42,Critical
DYEI_0173,8.18,2413.64,7438.19,3016.07,6916.93,38.47,59.83,115.23,8517.5,33.26,Critical
DYEI_0174,8.94,3677.97,9301.68,3471.91,8635.9,49.08,66.3,96.25,8273.34,37.34,Critical
DYEI_0175,8.35,2718.68,8836.9,1320.34,13547.26,48.34,40.31,106.64,15389.49,39.94,Critical
DYEI_0176,8.76,3739.55,7140.6,3359.58,6648.29,19.8,81.41,34.05,9141.72,31.9,Critical
DYEI_0177,8.5,2261.17,8933.57,3259.91,9688.43,44.0,72.8,18.79,9911.15,38.99,Critical
DYEI_0178,9.18,2478.93,9598.93,1246.33,10485.72,47.68,56.41,46.34,9485.05,34.7,Critical
DYEI_0179,7.89,2387.17,8430.52,1953.59,11623.26,41.73,32.58,97.63,13457.74,31.77,Critical
DYEI_0180,7.33,3400.27,7304.64,2164.56,10642.77,15.95,58.02,70.87,14854.95,37.43,Critical
DYEI_0181,7.61,2215.99,9596.2,2519.43,8068.1,6.48,98.4,31.58,11293.13,39.56,Critical
DYEI_0182,7.28,3386.75,7237.69,1214.83,7499.45,19.26,91.24,26.02,7779.37,28.45,Critical
DYEI_0183,9.26,3968.92,9531.66,1731.14,10615.33,31.27,33.46,43.27,10413.46,31.58,Critical
DYEI_0184,8.24,3726.47,6164.63,1910.05,10594.7,30.19,40.25,79.49,13332.46,27.86,Critical
DYEI_0185,9.37,2787.2,7677.94,1301.38,8106.52,29.82,86.66,81.24,9514.53,41.01,Critical
DYEI_0186,8.1,2071.39,5661.31,1564.19,6138.49,37.5,66.3,47.28,6773.95,36.01,Critical
DYEI_0187,7.74,2063.3,7835.38,2952.15,12692.16,49.4,21.92,111.52,14243.03,38.98,Critical
DYEI_0188,7.4,1807.72,8284.0,3150.56,7218.67,42.84,36.76,51.88,6854.29,41.95,Critical
DYEI_0189,8.78,1875.57,6463.72,2866.52,10985.06,15.39,51.78,66.73,11222.38,37.59,Critical
DYEI_0190,9.09,2503.96,6935.77,1648.42,7178.58,10.44,69.62,61.01,9604.58,33.06,Critical
DYEI_0191,7.56,1907.7,8073.37,2482.62,10769.76,17.13,96.71,97.68,13163.82,34.2,Critical
DYEI_0192,8.75,2659.21,6349.5,1490.63,10080.08,49.2,99.73,65.24,11605.09,41.62,Critical
DYEI_0193,9.44,2610.59,8353.24,3258.75,7908.36,40.67,41.96,64.14,10014.16,34.06,Critical
DYEI_0194,7.87,3527.06,9174.86,1244.21,12613.08,25.68,92.44,99.35,15638.04,29.28,Critical
DYEI_0195,8.86,4429.78,14839.31,4813.8,10163.65,157.69,25.07,68.15,12190.83,27.32,Critical
DYEI_0196,8.81,3753.53,9139.19,1605.52,13758.24,13.06,75.35,31.44,17474.58,36.05,Critical
DYEI_0197,9.39,3083.65,8779.95,1273.61,9750.74,23.17,55.97,107.32,11090.1,27.7,Critical
DYEI_0198,9.17,2717.6,8069.01,2116.14,6124.82,42.37,66.39,56.35,5653.14,34.43,Critical
DYEI_0199,9.08,2750.6,5887.39,3029.69,6041.74,21.15,69.1,94.66,5643.69,29.41,Critical
DYEI_0200,7.17,2504.91,7796.63,2480.36,7326.18,41.84,71.69,60.96,7014.06,41.1,Critical
DYEI_0201,8.39,2192.64,9528.9,1994.59,8756.56,43.29,87.57,62.98,9285.16,26.91,Critical
DYEI_0202,9.06,1854.19,8770.72,2578.14,10851.61,9.7,25.89,70.69,14755.37,36.82,Critical
DYEI_0203,9.33,3474.68,9774.83,2221.67,6930.53,23.49,73.85,110.94,9246.3,28.18,Critical
DYEI_0204,8.49,2186.32,9290.39,3496.89,12119.2,39.98,68.45,79.63,15238.6,31.81,Critical
DYEI_0205,9.2,2597.64,9520.7,1676.14,10620.17,42.0,90.88,48.92,10112.55,29.69,Critical
DYEI_0206,7.49,1964.36,7687.17,2777.24,7256.36,29.14,44.52,23.8,9875.59,39.62,Critical
DYEI_0207,8.31,3115.97,8852.79,1367.68,11305.11,21.91,69.56,105.34,13531.02,30.99,Critical
DYEI_0208,8.04,2477.59,9433.44,3072.29,7324.97,34.18,23.32,89.63,9140.06,28.17,Critical
DYEI_0209,8.31,2426.63,9697.9,3193.62,11109.49,10.06,80.93,54.81,15456.77,36.87,Critical
DYEI_0210,7.77,1944.26,6741.37,1489.24,9393.9,37.81,66.98,78.99,12293.78,35.92,Critical
DYEI_0211,7.05,3179.98,9682.65,1705.98,12341.02,9.3,82.25,17.09,16085.05,39.58,Critical
DYEI_0212,8.19,3372.22,9712.99,2154.81,6817.76,24.57,31.71,32.45,9090.21,31.38,Critical
DYEI_0213,9.37,2854.93,6433.7,1856.83,11126.21,35.42,77.2,67.89,10761.87,27.43,Critical
DYEI_0214,7.46,3527.49,6597.25,2811.77,6778.02,6.45,68.74,28.62,6970.93,34.82,Critical
DYEI_0215,7.56,2556.72,5596.28,2059.77,12014.91,35.47,80.74,103.27,12075.01,27.15,Critical
DYEI_0216,9.39,2097.1,9012.84,2186.78,10459.57,11.37,57.55,86.16,12967.02,27.22,Critical
DYEI_0217,9.4,2764.9,6373.34,1510.28,12393.12,6.15,29.36,68.19,17051.76,35.43,Critical
DYEI_0218,8.14,2202.42,5179.57,2774.19,12858.47,48.92,98.56,111.07,16577.1,30.31,Critical
DYEI_0219,7.54,2077.6,9389.51,2639.02,13802.57,27.51,31.89,46.6,18747.44,38.81,Critical
DYEI_0220,8.52,3095.76,19622.12,4614.08,12865.19,58.58,85.12,78.85,13589.56,30.29,Critical
DYEI_0221,7.48,2684.06,8362.98,2523.36,9872.23,43.8,62.65,108.89,12598.21,34.59,Critical
DYEI_0222,8.69,3218.16,9160.59,2997.42,9377.52,23.79,46.22,46.84,11165.34,26.62,Critical
DYEI_0223,8.53,2241.98,5665.29,1403.2,9358.8,39.04,37.73,86.63,10279.67,41.19,Critical
DYEI_0224,7.57,2697.41,5681.06,1857.44,6572.44,15.9,30.89,62.8,7865.78,27.96,Critical
DYEI_0225,8.87,3943.47,5824.65,3304.19,10746.31,48.72,30.65,17.23,10568.21,29.46,Critical
DYEI_0226,9.33,2187.77,5666.72,2046.34,6756.95,7.22,59.5,92.57,7439.91,29.49,Critical
DYEI_0227,7.47,2781.95,6731.56,1817.65,7300.04,22.77,68.56,61.76,8673.47,35.14,Critical
DYEI_0228,8.7,3633.45,6933.05,2055.7,13882.67,26.15,39.52,47.37,14058.24,40.41,Critical
DYEI_0229,8.97,3091.19,9128.49,1898.72,6768.29,36.11,39.24,65.54,6334.08,39.79,Critical
DYEI_0230,7.34,3620.51,7204.73,2973.52,9375.72,45.88,55.8,29.84,9424.68,26.79,Critical
DYEI_0231,8.84,3242.86,9330.14,2329.28,10448.16,13.44,85.1,93.2,10358.74,30.35,Critical
DYEI_0232,8.45,5622.09,10718.96,8319.26,6834.38,31.75,28.38,47.37,9060.0,29.26,Critical
DYEI_0233,8.98,4336.84,23885.22,4067.44,6104.25,95.92,29.06,31.62,7022.39,41.0,Critical
DYEI_0234,8.56,3963.82,7519.54,1215.46,11022.14,12.58,71.29,69.84,10665.88,36.73,Critical
DYEI_0235,9.11,2057.41,5384.13,3263.54,13994.82,26.66,81.33,100.48,16030.44,34.53,Critical
DYEI_0236,8.13,2719.81,5917.03,2418.86,11992.25,28.16,23.6,21.73,16016.95,26.25,Critical
DYEI_0237,8.93,2773.04,9239.25,2965.54,7644.75,34.01,79.82,65.9,7933.88,26.41,Critical
DYEI_0238,9.28,3151.02,6011.53,2814.69,6965.88,27.38,98.08,62.17,9036.23,36.34,Critical
DYEI_0239,7.47,3604.14,5806.88,2110.71,12612.25,45.72,89.36,107.13,12901.63,36.13,Critical
DYEI_0240,9.12,3279.81,6338.74,2129.6,9773.35,5.81,34.28,49.07,11970.77,37.44,Critical
DYEI_0241,8.81,3706.49,6180.97,2732.61,6075.88,17.77,67.11,111.18,6186.55,31.3,Critical
DYEI_0242,7.57,3300.16,8896.33,1724.76,9220.89,43.98,28.52,66.19,10175.73,32.74,Critical
DYEI_0243,9.07,3469.42,8419.56,2179.9,11578.73,37.0,34.11,87.56,11509.24,27.88,Critical
DYEI_0244,8.3,2721.19,7906.5,2383.44,7815.42,26.34,68.1,86.05,7444.6,29.88,Critical
DYEI_0245,7.37,3492.66,5073.13,2578.88,12212.08,27.4,98.79,59.6,13173.65,34.75,Critical
DYEI_0246,7.58,3891.03,6811.97,2425.46,11386.96,23.73,38.73,86.26,14751.92,29.34,Critical
DYEI_0247,8.56,3350.35,6613.11,2286.95,7393.02,13.67,49.79,96.88,9244.67,31.6,Critical
DYEI_0248,8.82,2542.8,6003.22,2715.69,13752.52,8.81,99.53,110.82,13631.41,35.59,Critical
DYEI_0249,8.54,2420.57,5264.5,2830.15,7097.34,46.93,33.66,110.22,9145.95,40.45,Critical
DYEI_0250,8.06,3960.72,8331.02,2962.79,9544.89,5.52,95.74,75.12,10122.67,28.08,Critical
DYEI_0251,7.85,2005.86,5847.91,1939.04,11172.33,39.98,27.54,73.47,14374.5,34.93,Critical
DYEI_0252,8.09,3696.96,9538.21,2573.42,13431.35,42.52,99.43,80.25,18134.9,28.79,Critical
DYEI_0253,7.82,3832.03,9651.05,2211.39,9386.83,11.01,36.92,117.44,10186.91,34.72,Critical
DYEI_0254,7.73,3788.65,5328.86,2324.93,7815.69,14.51,82.51,21.28,7999.31,33.86,Critical
DYEI_0255,8.04,2190.59,6774.63,3089.49,6516.09,17.34,28.48,21.24,7722.32,30.57,Critical
DYEI_0256,7.24,3359.34,8753.53,1379.73,12154.86,48.52,29.95,89.96,12118.25,30.9,Critical
DYEI_0257,9.04,3837.76,7065.54,1581.37,12947.89,16.17,44.5,29.23,16634.54,36.48,Critical
DYEI_0258,8.99,2731.38,9349.8,1776.14,7843.19,34.36,20.67,18.55,8529.57,37.96,Critical
DYEI_0259,9.4,2367.17,5642.66,2192.14,9852.6,45.49,88.51,56.26,13470.29,26.86,Critical
DYEI_0260,8.46,2549.89,7712.98,3432.06,6118.35,29.75,59.09,32.2,7933.13,30.96,Critical
DYEI_0261,9.12,2492.42,6374.71,1838.37,9183.46,17.79,52.44,19.06,11288.13,30.69,Critical
DYEI_0262,9.21,2008.58,7160.67,1843.06,9016.63,49.6,68.02,118.03,10659.3,31.23,Critical
DYEI_0263,8.31,3346.3,5940.04,3394.97,10283.86,6.96,43.04,45.85,13223.3,36.3,Critical
DYEI_0264,8.85,2092.04,9582.62,2141.87,8600.62,23.95,86.51,69.99,9447.5,31.23,Critical
DYEI_0265,9.27,2423.29,9788.08,2292.85,10054.03,9.6,45.67,45.05,11994.95,32.33,Critical
DYEI_0266,7.03,1999.67,6244.19,2931.1,13790.0,14.06,98.9,38.12,16976.03,31.72,Critical
DYEI_0267,8.06,1934.52,5021.75,2152.75,6462.54,14.7,62.17,69.99,6652.39,36.57,Critical
DYEI_0268,7.95,2532.98,7875.14,1299.18,8835.09,36.72,48.71,17.14,11611.66,29.47,Critical
DYEI_0269,7.75,2740.48,6826.59,1346.08,12874.4,10.99,72.2,98.21,16492.05,39.66,Critical
DYEI_0270,8.16,1948.68,6611.61,2330.1,13498.52,19.0,83.83,71.65,17096.0,35.52,Critical
DYEI_0271,7.18,1932.11,8053.37,1822.49,13793.7,11.87,30.66,103.05,14029.25,27.41,Critical
DYEI_0272,8.83,2044.95,6562.3,2414.67,10242.6,21.79,84.59,21.55,10021.49,40.95,Critical
DYEI_0273,7.86,1999.38,9818.0,1682.48,12664.66,48.73,90.9,53.83,13572.31,36.94,Critical
DYEI_0274,7.54,3339.22,7881.41,2822.7,8680.62,18.44,47.59,40.16,11920.76,34.56,Critical
DYEI_0275,8.09,3785.24,5884.6,2172.68,6802.13,26.5,79.13,84.78,6283.62,30.29,Critical
DYEI_0276,8.13,3784.46,6539.2,2954.54,10388.03,36.76,21.13,58.44,13595.73,37.55,Critical
DYEI_0277,8.57,2614.39,7816.05,1207.67,8235.21,6.19,63.05,45.0,10180.73,41.74,Critical
DYEI_0278,8.85,3889.3,8797.13,3411.94,11061.17,16.54,46.98,15.97,13802.39,34.04,Critical
DYEI_0279,7.75,3231.0,7089.47,3270.27,8997.42,6.49,38.17,60.62,8971.74,34.44,Critical
DYEI_0280,8.71,3351.8,5253.37,3194.26,12697.22,47.63,50.58,62.18,12166.8,30.56,Critical
DYEI_0281,8.37,2440.85,8840.84,1647.98,10842.1,11.75,53.86,112.29,10984.44,41.93,Critical
DYEI_0282,7.06,2630.12,8155.0,1229.31,11662.99,24.04,71.53,110.79,13001.46,36.68,Critical
DYEI_0283,9.01,1945.49,5091.34,1623.27,6866.66,30.77,63.26,117.48,6566.39,26.29,Critical
DYEI_0284,7.28,1948.03,8226.75,1220.85,7259.34,26.49,40.4,36.26,8293.88,31.96,Critical
DYEI_0285,9.12,1996.56,5188.93,3444.65,6488.58,25.59,78.53,71.48,5964.83,41.12,Critical
DYEI_0286,8.45,2031.42,6743.11,2142.04,8066.61,5.94,81.88,28.0,9165.87,35.34,Critical
DYEI_0287,7.24,2581.87,7751.63,2637.48,6543.31,6.01,23.39,75.89,7272.73,36.13,Critical
DYEI_0288,7.78,2491.16,8735.6,1296.72,10005.38,24.53,35.0,49.01,13631.58,28.03,Critical
DYEI_0289,8.02,3461.67,5257.45,1703.88,11335.04,47.06,79.59,65.87,11019.53,33.35,Critical
DYEI_0290,9.14,3478.27,8334.59,2675.77,6853.25,31.32,45.0,83.05,8058.24,40.43,Critical
DYEI_0291,9.24,3810.06,6594.0,2887.83,7510.61,41.65,69.85,67.08,8656.33,38.86,Critical
DYEI_0292,7.67,3591.31,6664.81,2383.53,9273.33,10.31,35.61,117.03,9793.61,31.47,Critical
DYEI_0293,7.42,3873.3,7580.66,2623.5,8259.81,7.76,87.06,107.54,9468.78,40.55,Critical
DYEI_0294,9.29,3829.55,5483.58,2197.82,8010.46,9.07,67.73,79.82,9003.52,37.99,Critical
DYEI_0295,7.34,1838.66,5695.78,3403.65,8734.1,28.15,89.84,84.14,8230.44,33.06,Critical
DYEI_0296,8.83,2820.44,5498.92,1488.58,6157.85,21.97,46.12,60.6,7986.53,26.19,Critical
DYEI_0297,8.11,3819.83,7611.29,1564.13,9338.72,24.55,44.9,27.33,9718.78,29.85,Critical
DYEI_0298,7.24,5587.31,12684.8,3112.74,12947.58,87.06,45.22,40.43,18015.36,37.5,Critical
DYEI_0299,8.76,6095.5,24431.49,4621.72,13307.11,113.87,50.98,97.84,15289.1,36.37,Critical
DYEI_0300,9.1,2744.57,6559.95,2466.92,11253.69,28.36,69.97,56.28,10909.29,37.07,Critical
DYEI_0301,8.97,3118.92,8284.7,2398.51,9138.86,29.48,70.11,83.33,9315.04,26.79,Critical
DYEI_0302,8.74,2771.93,9502.07,1846.99,7221.42,31.68,46.88,42.35,7961.07,30.62,Critical
DYEI_0303,7.48,2639.1,7975.14,2117.47,12630.82,31.01,23.77,119.66,14135.66,41.35,Critical
DYEI_0304,8.88,3718.42,7891.87,2962.32,7498.06,20.48,76.83,69.24,8094.55,31.94,Critical
DYEI_0305,8.76,2180.6,8001.34,3349.73,12116.77,38.99,55.58,111.81,16893.49,39.52,Critical
DYEI_0306,8.67,3494.71,7386.73,2378.06,6459.25,30.44,90.89,116.45,6918.78,29.7,Critical
DYEI_0307,7.6,3832.16,7228.85,1939.65,11951.62,47.42,93.64,78.81,15219.7,40.13,Critical
DYEI_0308,9.38,3840.43,7638.4,3399.42,13804.6,40.0,64.93,99.85,17769.42,32.56,Critical
DYEI_0309,9.08,2322.5,5403.96,2315.36,10796.35,15.86,58.8,19.2,15004.52,28.76,Critical
DYEI_0310,8.51,3944.07,7625.41,1895.3,7844.57,45.96,28.28,93.21,10397.87,34.1,Critical
DYEI_0311,7.57,3655.32,7092.53,1497.88,11555.27,10.43,76.26,119.47,12694.09,26.99,Critical
DYEI_0312,7.85,2496.68,6872.4,1366.84,9020.6,17.83,33.85,111.56,10840.61,36.29,Critical
DYEI_0313,7.93,3630.2,9303.6,2625.7,10990.91,39.31,49.96,68.78,11281.81,32.88,Critical
DYEI_0314,8.87,3195.42,6364.64,2792.02,9925.81,22.16,83.63,46.84,11510.73,30.26,Critical
DYEI_0315,8.1,3208.28,7180.48,1690.11,8914.09,41.12,25.9,63.85,9547.28,31.8,Critical
DYEI_0316,7.54,3268.63,5986.2,1237.19,7224.9,19.25,84.61,32.37,9894.6,26.2,Critical
DYEI_0317,7.81,2142.41,8481.98,3130.12,11770.0,43.69,51.1,113.72,12737.36,29.33,Critical
DYEI_0318,8.74,3832.82,5306.56,1468.63,12949.11,44.72,87.91,30.88,15244.7,39.25,Critical
DYEI_0319,7.88,5621.43,20049.72,3017.61,12817.39,71.26,43.07,74.51,14378.67,27.32,Critical
DYEI_0320,8.98,3886.45,5992.28,3181.59,7803.59,35.42,28.7,77.93,9513.77,29.84,Critical
DYEI_0321,8.79,3089.28,6856.54,2552.48,9098.92,42.65,32.76,56.87,10116.0,32.77,Critical
DYEI_0322,8.81,5559.32,23470.43,4310.9,7643.5,87.15,31.99,54.19,8961.34,28.92,Critical
DYEI_0323,7.07,2996.16,6576.26,3384.32,9102.85,10.15,52.7,58.22,9426.44,37.9,Critical
DYEI_0324,7.05,3816.11,9174.44,2217.09,11653.62,21.93,38.25,21.16,11727.47,26.76,Critical
DYEI_0325,7.53,2541.6,7532.95,3023.45,6902.45,44.33,52.29,52.21,9091.23,37.71,Critical
DYEI_0326,9.11,3762.45,5914.77,3078.87,8498.85,6.79,38.26,49.84,10654.85,40.1,Critical
DYEI_0327,8.98,2171.18,7396.24,2722.7,9004.05,25.05,48.01,41.24,9853.56,35.98,Critical
DYEI_0328,7.52,2160.5,6348.54,1832.46,11773.52,15.16,76.38,59.1,11133.65,33.34,Critical
DYEI_0329,7.82,3632.52,6866.48,1862.29,10013.51,44.53,23.57,19.03,9801.84,33.28,Critical
DYEI_0330,7.92,2113.3,5569.52,1738.43,9142.13,26.04,40.24,114.1,10188.87,36.7,Critical
DYEI_0331,8.42,3800.56,6221.57,2176.59,11826.03,26.11,59.25,104.17,15988.76,41.75,Critical
DYEI_0332,8.36,3178.14,9926.38,2260.24,12429.44,9.62,86.23,75.44,13987.67,41.87,Critical
DYEI_0333,7.25,2715.53,6365.06,3383.33,7606.72,40.29,53.95,39.79,8023.67,38.81,Critical
DYEI_0334,8.38,1989.32,8845.76,1454.98,11972.44,39.07,71.41,19.36,11379.43,39.95,Critical
DYEI_0335,8.41,3590.84,7912.54,1863.24,10806.14,10.57,58.44,35.85,10267.06,33.54,Critical
DYEI_0336,8.01,3548.99,5136.84,2949.02,6211.42,43.16,57.24,89.36,6645.78,31.36,Critical
DYEI_0337,8.9,2005.73,7751.57,2105.96,8769.42,45.56,37.8,116.26,9202.61,36.54,Critical
DYEI_0338,7.65,3198.48,8068.08,1397.24,11949.64,9.13,95.37,51.02,12495.69,28.31,Critical
DYEI_0339,7.54,3497.11,7161.74,1907.77,13427.88,31.07,75.64,43.19,18419.31,28.89,Critical
DYEI_0340,8.17,3695.78,5298.44,2613.33,9079.78,28.13,85.37,103.23,9025.97,27.26,Critical
DYEI_0341,7.72,2409.5,9716.32,1811.15,12797.21,12.2,88.01,87.58,17478.33,35.12,Critical
DYEI_0342,9.1,6760.22,18434.98,5852.81,6364.64,13.52,99.9,71.37,6255.73,35.9,Critical
DYEI_0343,9.07,2713.05,8248.79,2444.33,6937.14,8.67,38.44,62.61,6591.06,35.37,Critical
DYEI_0344,7.99,3963.07,7573.7,1398.56,9627.26,14.77,36.2,49.96,9910.24,27.6,Critical
DYEI_0345,9.08,3415.72,9720.02,2616.05,6090.56,15.68,21.6,36.64,7906.53,27.41,Critical
DYEI_0346,7.13,2829.29,7965.19,2791.9,10810.63,16.86,33.39,108.12,11605.96,40.76,Critical
DYEI_0347,9.15,2330.66,8086.25,3070.96,11743.9,30.13,74.16,75.17,13663.38,31.94,Critical
DYEI_0348,7.99,2124.99,8846.97,3101.29,12903.14,12.76,41.84,99.38,11720.67,29.61,Critical
DYEI_0349,9.5,3760.46,7945.68,2635.11,7279.51,12.59,77.95,52.39,9606.03,32.58,Critical
DYEI_0350,8.12,3287.95,5668.46,2268.22,7114.67,47.7,50.31,115.27,6906.86,28.85,Critical
DYEI_0351,8.66,2725.36,7240.93,3007.0,10501.85,32.9,48.03,73.71,10421.75,27.7,Critical
DYEI_0352,9.11,3432.01,8329.82,2082.66,6611.44,12.21,77.82,97.87,7902.87,40.37,Critical
DYEI_0353,9.42,3230.08,5423.61,1240.32,9063.02,37.03,90.91,36.15,12168.41,37.12,Critical
DYEI_0354,8.35,1925.08,5958.69,3136.72,7046.9,6.34,38.33,75.47,8712.05,29.04,Critical
DYEI_0355,8.37,2044.97,6598.53,1635.19,6309.12,40.04,52.82,24.54,7994.04,32.37,Critical
DYEI_0356,7.2,1808.28,9809.88,1472.2,7729.84,22.3,95.55,18.73,8587.71,37.94,Critical
DYEI_0357,8.81,3919.73,7979.35,2627.74,13534.33,18.15,85.27,75.45,12700.91,27.44,Critical
DYEI_0358,8.88,2061.22,9648.96,3328.55,12879.54,40.94,29.09,99.34,16277.92,27.38,Critical
DYEI_0359,7.2,2949.33,8848.41,2461.82,6681.9,49.02,52.74,62.46,8638.7,27.97,Critical
DYEI_0360,8.1,3034.58,9090.78,2527.97,7430.77,45.71,61.37,73.94,9628.29,34.88,Critical
DYEI_0361,9.13,1926.57,7522.26,2903.29,13662.22,20.41,69.81,87.08,15166.97,39.67,Critical
DYEI_0362,9.26,3102.13,7655.13,3415.56,10476.17,14.54,81.09,91.21,11191.27,36.28,Critical
DYEI_0363,8.97,2990.58,8408.87,3314.54,13008.83,5.22,87.43,114.2,12967.18,27.81,Critical
DYEI_0364,7.01,3827.29,8509.41,3064.18,12912.74,28.41,70.6,103.65,13578.3,34.34,Critical
DYEI_0365,8.61,3902.27,7006.0,3461.71,11312.7,47.65,91.48,95.92,12933.98,26.38,Critical
DYEI_0366,7.4,2930.93,6143.36,3138.67,12083.66,35.72,25.01,24.75,11759.34,30.89,Critical
DYEI_0367,8.31,4596.2,27512.66,6215.67,10018.19,29.27,53.11,18.71,10364.03,40.19,Critical
DYEI_0368,8.82,3519.95,6453.81,2473.9,12483.65,35.49,37.3,101.57,13054.34,36.64,Critical
DYEI_0369,7.08,2489.35,9218.25,2634.26,8649.41,48.32,75.99,29.11,9564.64,37.18,Critical
DYEI_0370,7.77,3225.96,7896.11,2628.75,6651.5,43.18,22.96,70.51,6433.32,27.58,Critical
DYEI_0371,7.61,3569.72,7418.29,1971.18,8946.27,23.01,64.17,37.09,9088.65,35.79,Critical
DYEI_0372,9.13,2632.78,6296.47,3141.65,10716.17,22.15,53.47,36.23,12040.28,32.4,Critical
DYEI_0373,9.27,2320.48,9061.81,3372.55,7873.68,49.3,64.99,79.85,7834.15,35.72,Critical
DYEI_0374,9.45,2233.75,7909.43,2101.67,9816.78,28.97,43.78,97.42,12153.94,35.52,Critical
DYEI_0375,8.37,2106.66,5172.29,2467.39,9385.72,6.22,26.58,38.64,10964.31,40.74,Critical
DYEI_0376,7.38,1999.93,5078.86,1337.64,12970.87,27.48,57.9,74.62,12074.32,31.49,Critical
DYEI_0377,9.14,2440.78,7498.41,2179.51,6912.36,22.15,36.04,82.46,6906.44,31.75,Critical
DYEI_0378,9.5,2671.72,8446.09,1581.75,11401.8,30.38,47.36,71.01,10877.31,39.13,Critical
DYEI_0379,8.06,2616.71,9154.08,2502.59,8867.66,5.28,57.93,100.7,11375.91,33.93,Critical
DYEI_0380,9.07,2520.09,6789.12,3114.76,13734.31,37.64,92.07,30.45,17725.4,32.66,Critical
DYEI_0381,7.36,2221.85,9611.94,3334.71,9962.19,6.43,79.47,59.62,13544.56,37.09,Critical
DYEI_0382,8.35,2389.85,5301.22,3046.6,10671.19,19.61,30.05,60.35,9816.82,41.53,Critical
DYEI_0383,8.4,3638.65,9539.52,1893.89,8445.16,24.21,58.08,28.8,8254.44,35.41,Critical
DYEI_0384,7.53,2135.92,5874.13,1976.71,11502.07,26.59,77.82,20.78,11541.97,30.36,Critical
DYEI_0385,9.28,2394.92,7451.72,3215.79,8735.4,39.01,39.71,95.66,7865.21,40.67,Critical
DYEI_0386,7.77,3879.65,8065.29,3397.94,8623.96,17.83,54.49,109.86,11944.27,32.8,Critical
DYEI_0387,7.81,8204.07,23608.91,4153.7,7336.1,83.72,58.6,58.77,7565.84,33.99,Critical
DYEI_0388,7.14,2042.11,5596.55,1506.53,12739.14,7.0,67.17,59.45,16324.74,32.37,Critical
DYEI_0389,7.83,3334.72,5112.15,2599.65,13899.73,5.68,94.79,109.12,15517.84,28.5,Critical
DYEI_0390,9.49,2943.12,5941.19,2795.28,6266.66,22.22,37.16,57.85,6653.17,30.59,Critical
DYEI_0391,7.38,3686.26,6482.41,3413.45,13878.31,42.95,26.18,41.03,14666.6,33.56,Critical
DYEI_0392,9.11,3113.08,5971.25,1859.24,6856.65,5.13,82.72,78.36,8859.15,34.43,Critical
DYEI_0393,8.49,3376.25,6059.49,2148.16,8689.0,14.02,35.03,111.87,7870.96,29.52,Critical
DYEI_0394,9.08,7143.6,20433.41,8867.75,12546.32,84.79,75.06,37.44,12820.98,30.42,Critical
DYEI_0395,8.08,2605.1,6329.46,2455.6,8628.11,13.15,30.06,88.99,12054.68,32.7,Critical
DYEI_0396,8.26,1974.71,7658.75,2635.16,9690.13,7.92,91.91,119.09,9397.31,37.27,Critical
DYEI_0397,9.31,2696.92,7554.66,1807.23,9971.88,17.14,49.77,40.46,12555.28,40.34,Critical
DYEI_0398,7.85,2709.67,5494.19,2429.82,6898.27,39.49,21.7,100.72,7786.28,37.47,Critical
DYEI_0399,7.38,2033.96,9753.26,1510.62,12664.55,21.16,25.86,92.68,14371.92,29.56,Critical
DYEI_0400,7.41,2182.14,9565.34,2031.37,7955.57,30.09,95.65,34.23,9626.29,27.65,Critical
DYEI_0401,8.84,1943.35,5053.28,2833.94,11596.26,20.06,80.38,73.43,12990.75,37.94,Critical
DYEI_0402,8.54,5431.2,23880.98,5537.32,12154.81,118.59,86.58,43.45,13864.68,26.12,Critical
DYEI_0403,7.6,3805.14,7117.17,1754.57,10191.84,47.92,72.63,22.11,12736.22,33.8,Critical
DYEI_0404,8.13,1879.09,9839.42,2003.01,12971.3,13.32,86.89,79.02,14790.59,33.54,Critical
DYEI_0405,8.58,2305.15,9241.23,3381.76,13701.86,31.47,33.37,95.18,16846.35,39.41,Critical
DYEI_0406,7.03,2137.07,6261.47,2946.19,8706.75,17.73,40.22,68.92,11056.34,34.65,Critical
DYEI_0407,9.38,3638.69,9364.29,3070.26,7579.61,10.09,26.92,69.81,7561.34,40.85,Critical
DYEI_0408,9.21,3879.54,6417.97,1592.18,7669.68,28.38,49.22,55.31,10310.94,28.35,Critical
DYEI_0409,8.31,2107.91,7968.43,1489.7,10049.32,28.56,49.29,85.07,11801.46,34.96,Critical
DYEI_0410,7.84,2537.4,6097.66,3039.92,7163.57,47.95,60.4,115.57,8944.23,36.11,Critical
DYEI_0411,9.36,3001.95,9650.7,2948.88,6126.35,45.89,62.04,19.24,6081.97,26.22,Critical
DYEI_0412,7.62,3122.83,9075.67,1941.87,9510.32,27.39,58.24,118.6,12869.71,31.45,Critical
DYEI_0413,8.28,3146.44,6530.76,1475.63,9165.57,5.2,37.34,77.91,9615.93,37.68,Critical
DYEI_0414,7.28,2189.43,6694.96,1751.18,13417.86,11.79,27.15,94.07,12875.5,41.77,Critical
DYEI_0415,7.23,3973.99,9176.23,3250.17,12559.84,14.5,37.32,101.21,17391.76,37.06,Critical
DYEI_0416,8.88,2136.91,8978.32,2772.04,9249.03,39.2,25.17,84.5,12069.49,41.71,Critical
DYEI_0417,7.03,2843.79,7832.4,2763.29,11360.26,33.2,21.65,83.99,14151.49,28.68,Critical
DYEI_0418,7.16,3575.63,7143.64,3464.22,12388.29,43.44,61.38,64.7,11848.08,27.55,Critical
DYEI_0419,7.63,3113.12,8398.14,3102.79,12480.36,30.79,99.15,22.25,11682.04,28.99,Critical
DYEI_0420,7.08,2726.51,6025.36,1747.88,12620.6,33.06,49.2,97.56,17494.04,34.63,Critical
DYEI_0421,7.62,2658.76,9735.23,3395.77,11358.09,42.26,34.11,106.44,13591.27,38.25,Critical
DYEI_0422,7.62,3569.52,6029.72,3404.9,12717.42,27.48,55.61,116.94,15465.61,32.5,Critical
DYEI_0423,9.31,3529.47,8909.79,3433.06,11154.53,15.97,77.47,72.9,11315.75,26.98,Critical
DYEI_0424,9.27,3389.25,7320.73,3177.34,10418.1,23.55,83.06,89.94,13315.0,27.7,Critical
DYEI_0425,8.35,2784.36,8596.2,3037.79,6759.73,49.14,83.58,97.64,8283.09,36.88,Critical
DYEI_0426,7.19,3005.55,5823.14,3043.68,9482.0,46.43,39.67,65.35,12506.41,36.35,Critical
DYEI_0427,8.64,7865.98,22417.21,6750.37,13157.62,96.66,40.56,84.93,16047.59,35.54,Critical
DYEI_0428,8.59,3125.14,7795.96,1700.17,13592.72,5.16,45.84,86.52,15405.03,31.53,Critical
DYEI_0429,7.93,2291.56,7049.02,1760.89,10601.27,24.55,54.93,27.82,10290.11,35.28,Critical
DYEI_0430,7.37,3457.36,6641.51,2938.49,10498.31,26.56,68.78,104.96,10822.43,31.99,Critical
DYEI_0431,7.8,3567.63,7921.31,2032.49,7112.74,24.55,35.15,51.24,7381.0,26.44,Critical
DYEI_0432,9.23,2359.78,7821.42,1870.69,8910.99,42.13,77.93,107.84,9380.87,36.82,Critical
DYEI_0433,8.75,3998.01,9293.99,1402.89,12045.73,30.53,50.89,61.85,14638.39,33.21,Critical
DYEI_0434,7.14,2057.95,5088.35,2190.39,10117.05,13.61,84.27,106.86,10220.95,38.9,Critical
DYEI_0435,8.93,10209.39,15620.71,5624.48,11655.51,124.5,47.74,81.05,13215.96,38.3,Critical
DYEI_0436,9.16,3776.97,7805.48,1397.59,13480.54,19.72,49.44,110.73,13933.79,36.52,Critical
DYEI_0437,7.68,3698.23,8611.18,3280.23,6983.48,15.27,60.57,72.64,9734.81,38.46,Critical
DYEI_0438,8.09,2586.35,7492.57,2864.95,9043.33,26.05,94.56,88.66,8603.71,30.09,Critical
DYEI_0439,8.66,2085.1,8281.99,1628.77,9843.45,12.68,65.99,65.04,10341.54,40.52,Critical
DYEI_0440,7.72,2547.61,9509.38,2364.33,6054.16,19.01,46.75,117.7,6788.78,41.23,Critical
DYEI_0441,9.13,2745.29,7969.68,2273.61,8559.34,21.45,99.73,53.85,9886.84,35.91,Critical
DYEI_0442,9.24,2859.06,9965.93,1788.31,11454.89,19.81,54.0,24.97,11514.86,33.25,Critical
DYEI_0443,8.86,3198.61,5789.38,1965.01,7525.78,30.18,58.97,45.41,10452.35,37.89,Critical
DYEI_0444,8.65,3122.08,8383.04,3386.89,8020.15,45.5,48.64,42.8,9546.49,27.04,Critical
DYEI_0445,8.39,2950.76,7125.01,2060.24,10820.42,29.61,99.95,48.86,10187.98,26.41,Critical
DYEI_0446,7.91,3537.33,7608.87,3280.6,9089.93,18.99,90.82,108.86,11061.0,40.58,Critical
DYEI_0447,7.67,2046.71,6454.99,1551.15,9310.3,12.22,21.78,75.6,9244.97,30.03,Critical
DYEI_0448,7.06,3980.04,6153.03,2750.13,9234.06,19.65,95.94,30.51,11295.19,29.89,Critical
DYEI_0449,9.31,1828.09,6381.47,2454.37,8135.92,38.01,96.76,90.6,8712.36,31.57,Critical
DYEI_0450,8.28,2332.77,7324.59,2563.79,7970.44,46.85,89.1,65.18,8347.9,36.63,Critical
DYEI_0451,7.45,3074.96,6732.86,2405.21,6392.5,33.91,39.3,20.11,6970.67,38.26,Critical
DYEI_0452,7.24,2083.15,8613.28,2312.82,11532.26,44.99,45.82,20.49,12577.52,31.33,Critical
DYEI_0453,9.2,2522.03,6472.47,2679.16,9716.46,12.36,53.13,118.98,9111.34,31.55,Critical
DYEI_0454,7.53,2992.96,7758.16,2618.45,12945.4,7.83,50.28,62.36,16588.5,28.53,Critical
DYEI_0455,8.48,3639.59,6919.1,3397.2,6001.35,39.69,95.73,79.51,5541.02,34.52,Critical
DYEI_0456,7.2,3478.86,5967.45,1989.05,12585.88,44.02,94.35,43.87,11615.75,41.2,Critical
DYEI_0457,8.23,2192.09,9684.23,2350.64,8129.99,41.27,67.62,28.28,9409.74,28.49,Critical
DYEI_0458,9.11,8074.66,25531.38,5189.42,12977.19,133.53,64.22,54.98,13165.39,28.34,Critical
DYEI_0459,7.65,2280.3,7863.1,1829.35,11879.47,20.97,53.28,81.18,15834.5,34.95,Critical
DYEI_0460,8.29,2945.93,5558.96,2236.76,9715.48,23.75,21.55,90.63,10481.76,40.52,Critical
DYEI_0461,8.51,3462.24,6093.98,2953.98,12748.4,14.32,50.9,21.6,13851.17,36.54,Critical
DYEI_0462,8.88,1896.91,9693.98,1774.49,10457.17,12.15,61.88,91.1,13935.62,38.77,Critical
DYEI_0463,7.32,2779.16,6385.37,1843.86,6691.82,31.29,57.82,88.78,7567.13,40.58,Critical
DYEI_0464,7.08,3452.55,7505.8,1868.48,6725.29,24.08,48.62,115.77,7035.44,38.26,Critical
DYEI_0465,7.65,2347.17,7222.62,1335.38,11966.54,40.27,61.08,72.63,14411.69,37.65,Critical
DYEI_0466,8.49,1984.8,5505.13,1906.98,12953.25,39.23,86.41,90.16,12531.99,40.43,Critical
DYEI_0467,9.48,2117.3,9603.1,2766.58,8564.19,5.06,64.65,115.42,8487.73,40.12,Critical
DYEI_0468,7.57,3985.19,5006.07,3152.31,12170.43,35.72,74.28,31.75,14231.32,31.69,Critical
DYEI_0469,8.44,3666.84,7771.89,3022.01,13274.48,9.24,53.84,52.4,16815.2,33.63,Critical
DYEI_0470,7.14,3875.82,9675.35,2946.79,8109.94,17.97,60.38,81.18,10910.98,35.52,Critical
DYEI_0471,9.32,2534.71,9324.85,3372.34,12227.2,16.92,34.08,101.49,15883.46,37.19,Critical
DYEI_0472,8.4,2995.15,6123.73,1495.78,7999.3,16.22,96.52,64.59,11167.28,28.0,Critical
DYEI_0473,8.6,2842.24,6533.52,2832.65,6761.87,5.29,32.63,46.82,9213.66,37.02,Critical
DYEI_0474,8.26,3097.77,7318.59,1378.56,13470.22,29.06,67.24,89.18,18576.45,32.04,Critical
DYEI_0475,8.51,3628.3,9569.18,2946.81,7570.25,32.11,22.9,60.83,7762.28,33.8,Critical
DYEI_0476,8.05,3642.24,9428.52,2013.39,11852.36,38.87,63.15,73.53,12426.92,40.72,Critical
DYEI_0477,7.02,3673.44,5480.72,1452.41,12267.23,34.48,70.63,80.41,17041.59,40.43,Critical
DYEI_0478,7.22,2456.88,9900.22,3308.12,9719.8,35.88,73.97,77.27,13061.01,38.68,Critical
DYEI_0479,7.03,1991.33,9928.68,2283.35,6569.93,42.27,83.83,51.05,7908.44,31.78,Critical
DYEI_0480,8.75,2927.11,7706.66,2164.57,10696.56,8.21,46.4,110.97,13727.87,39.25,Critical
DYEI_0481,9.35,2757.59,7039.6,1404.09,7285.05,23.07,84.37,64.0,7791.7,32.82,Critical
DYEI_0482,7.92,2613.02,5995.64,3064.91,10700.54,30.8,54.66,17.25,12741.12,39.8,Critical
DYEI_0483,9.2,3250.71,7117.91,2135.22,10806.74,12.89,24.76,90.12,14755.5,27.95,Critical
DYEI_0484,7.73,3414.46,6489.86,1459.07,11117.41,29.48,87.87,49.44,14986.01,32.46,Critical
DYEI_0485,9.39,1869.56,8393.16,2509.14,9949.99,13.15,86.35,44.07,12781.49,30.27,Critical
DYEI_0486,8.69,2854.81,7575.29,2937.75,13930.36,28.45,99.53,19.44,18326.75,37.68,Critical
DYEI_0487,8.63,2813.98,5999.79,1521.87,12091.05,15.85,98.65,105.76,16480.68,41.94,Critical
DYEI_0488,7.9,2040.12,5398.86,3387.56,7662.95,33.0,98.61,34.91,7772.52,38.74,Critical
DYEI_0489,8.25,3149.06,6083.25,1871.5,7008.96,16.94,57.04,25.29,6990.64,34.89,Critical
DYEI_0490,7.1,2967.75,6358.16,3278.5,9740.36,15.86,69.6,77.86,13387.29,26.47,Critical
DYEI_0491,7.6,1981.56,6798.72,2515.19,7180.82,14.17,36.91,79.32,7494.63,28.66,Critical
DYEI_0492,7.09,4897.73,25843.6,6083.76,7758.62,56.78,84.33,79.61,9310.14,38.79,Critical
DYEI_0493,9.08,2544.01,5088.71,1998.34,13104.02,14.77,36.57,73.05,15676.05,31.03,Critical
DYEI_0494,7.36,2012.63,7772.32,1470.79,6227.54,39.31,31.3,57.89,8159.87,34.67,Critical
DYEI_0495,8.02,2831.96,7896.42,3206.45,11587.84,39.27,37.2,27.62,15181.71,39.75,Critical
DYEI_0496,9.06,3768.27,5418.99,3116.05,13451.75,27.55,55.28,59.82,16932.55,29.93,Critical
DYEI_0497,9.12,2407.87,8327.42,1581.03,13826.95,17.34,53.33,89.01,17037.01,35.52,Critical
DYEI_0498,7.73,2813.74,9165.38,2492.33,9236.07,14.27,73.93,62.29,9995.41,26.05,Critical
DYEI_0499,9.38,3544.7,8207.62,3480.07,7546.94,20.16,22.54,68.7,8082.89,41.18,Critical
DYEI_0500,7.08,4472.91,23169.11,4902.53,10468.98,146.99,41.74,92.85,10630.19,39.97,Critical
