Sample_ID,pH,BOD (mg/L),COD (mg/L),TSS (mg/L),TDS (mg/L),Conductivity (uS/cm),Temperature (°C),Color (Pt-Co),Status
DENI_0001,8.73,2359.02,4892.94,2981.25,4087.04,4828.2,29.37,130.22,Critical
DENI_0002,10.25,2162.68,5110.96,1581.49,6275.99,6618.04,47.83,2459.72,Critical
DENI_0003,9.59,1885.74,5946.85,2706.2,3957.09,3815.33,29.51,276.07,Critical
DENI_0004,8.49,1970.51,7708.65,2213.74,5009.64,4213.99,39.01,751.04,Critical
DENI_0005,9.54,2954.38,3667.89,1530.31,5628.93,7229.27,43.44,2255.75,Critical
DENI_0006,8.83,4787.98,5605.49,2054.37,7350.21,9287.96,29.81,372.23,Critical
DENI_0007,10.43,2335.72,7671.32,2940.35,5907.83,7081.98,39.92,854.91,Critical
DENI_0008,9.4,2067.02,7940.72,3454.32,5349.69,6321.7,30.0,1964.4,Critical
DENI_0009,8.93,1078.78,5179.48,2526.61,4036.63,5094.3,29.55,2332.02,Critical
DENI_0010,9.77,1659.42,5344.5,2852.02,6206.62,7049.61,35.78,1270.75,Critical
DENI_0011,10.47,1427.85,5507.14,1729.56,6943.0,8206.67,33.85,295.34,Critical
DENI_0012,8.03,1854.9,5462.03,3470.97,5614.11,5211.07,45.82,1278.56,Critical
DENI_0013,9.5,1191.34,5297.5,3360.56,6152.77,5982.04,40.51,2284.99,Critical
DENI_0014,8.68,2010.23,8752.14,1430.99,6738.49,7461.13,41.59,942.93,Critical
DENI_0015,8.78,2368.42,4293.26,2049.14,4346.79,3495.48,47.4,1136.09,Critical
DENI_0016,10.42,1280.65,6524.2,1502.44,7055.33,8408.91,30.25,2288.95,Critical
DENI_0017,8.49,2225.95,8913.8,3205.99,7804.54,7580.54,30.11,552.03,Critical
DENI_0018,9.25,2586.46,3900.92,2649.33,4956.1,4810.4,41.24,1220.8,Critical
DENI_0019,10.03,1311.84,7739.69,1160.59,4373.24,4933.34,45.1,706.43,Critical
DENI_0020,8.82,2074.24,4269.44,3027.89,6981.36,6092.25,37.28,1959.59,Critical
DENI_0021,8.84,2266.21,3301.28,2521.72,4186.94,5088.35,35.11,775.73,Critical
DENI_0022,10.1,1100.29,5379.65,1925.01,4781.6,6005.1,43.02,253.42,Critical
DENI_0023,9.79,2054.6,8405.21,1782.36,6083.73,6390.21,37.79,1194.65,Critical
DENI_0024,8.51,2511.42,5708.02,3396.29,4673.64,5334.36,46.81,1692.3,Critical
DENI_0025,10.18,2654.96,5160.71,2500.31,4203.18,4488.0,32.61,1884.97,Critical
DENI_0026,9.32,1822.45,4612.78,3496.75,3822.7,3141.42,32.35,2430.57,Critical
DENI_0027,10.45,2309.86,8280.64,1534.9,7874.19,6861.51,30.02,369.31,Critical
DENI_0028,9.43,2561.95,5200.0,3444.74,5454.89,4774.25,37.32,1729.69,Critical
DENI_0029,10.08,1917.54,6561.64,1668.36,6406.62,8283.67,28.98,2227.67,Critical
DENI_0030,9.41,1504.2,8729.34,2208.39,4992.61,4447.16,32.89,2098.84,Critical
DENI_0031,9.54,2826.49,4391.81,1302.85,3527.39,3717.63,47.97,1767.92,Critical
DENI_0032,8.77,2753.72,7690.33,1038.54,7175.87,6818.97,30.99,643.19,Critical
DENI_0033,9.17,1849.74,4733.32,1430.55,6930.04,8974.78,43.56,810.25,Critical
DENI_0034,8.61,1435.33,3820.17,2378.33,6224.3,7175.07,41.6,801.6,Critical
DENI_0035,8.83,2363.03,5096.69,1531.56,5184.51,4852.92,29.77,2092.33,Critical
DENI_0036,10.13,1439.5,3388.63,2847.07,4451.88,4437.27,29.28,643.05,Critical
DENI_0037,9.98,2608.79,4242.51,1839.78,4104.07,3435.46,47.84,1673.43,Critical
DENI_0038,9.36,2531.0,8040.46,3016.79,3574.43,3193.41,41.1,1001.82,Critical
DENI_0039,10.46,2330.81,8739.29,1503.62,7387.81,7097.29,47.79,478.45,Critical
DENI_0040,9.29,2585.69,5595.85,2170.21,7938.6,8039.06,40.08,230.9,Critical
DENI_0041,10.11,2296.34,5424.12,1040.42,6162.51,4969.01,28.02,1578.64,Critical
DENI_0042,8.47,1383.78,6919.63,1134.24,4910.33,4295.14,39.6,1688.24,Critical
DENI_0043,9.8,1510.46,3535.5,1196.71,5417.68,6896.29,32.35,716.18,Critical
DENI_0044,8.25,2211.14,7079.24,2607.33,7375.09,7693.79,30.69,794.57,Critical
DENI_0045,9.66,2226.24,6186.02,2707.41,6368.26,7900.86,39.72,1968.64,Critical
DENI_0046,8.62,2356.37,8413.16,1964.33,7005.97,8143.7,29.19,1495.62,Critical
DENI_0047,8.33,2934.64,7868.45,1274.31,4047.88,4441.48,34.9,183.77,Critical
DENI_0048,9.35,1775.69,3606.46,3004.8,7617.85,8976.09,44.45,619.58,Critical
DENI_0049,8.66,1417.06,7590.38,3369.79,6725.77,8344.89,40.77,1030.38,Critical
DENI_0050,9.06,1150.64,3188.74,2738.69,5472.93,5889.46,39.15,765.7,Critical
DENI_0051,9.19,1941.52,5330.56,3051.69,5530.24,6093.34,45.91,2178.96,Critical
DENI_0052,10.23,1540.01,3209.89,1652.67,4754.18,5964.98,40.98,296.09,Critical
DENI_0053,8.34,1311.35,6782.53,2838.54,7368.4,9360.21,32.03,843.45,Critical
DENI_0054,8.6,1717.52,8487.99,2437.78,6821.86,7129.25,28.58,254.07,Critical
DENI_0055,9.34,2437.58,4291.98,2804.77,7148.0,7190.52,42.93,1069.67,Critical
DENI_0056,9.7,2527.99,8951.56,1863.49,5349.68,4722.75,32.08,1764.15,Critical
DENI_0057,10.29,3648.61,6166.6,4608.41,5547.73,5244.41,32.67,1866.36,Critical
DENI_0058,8.67,2206.58,7013.4,2637.56,5506.32,5359.24,44.72,1920.27,Critical
DENI_0059,8.8,1206.04,3430.85,1235.69,6122.91,5056.49,34.74,1907.68,Critical
DENI_0060,8.74,2526.62,7472.8,1614.57,6779.7,7958.61,35.95,605.01,Critical
DENI_0061,9.3,2842.8,6837.7,1432.31,6572.41,6661.8,39.83,1861.75,Critical
DENI_0062,9.29,2627.97,7332.93,2537.68,4178.57,5089.39,46.72,428.72,Critical
DENI_0063,9.22,1517.78,7527.14,2804.07,4133.98,5119.99,31.62,2013.42,Critical
DENI_0064,9.14,1656.54,3949.44,1419.04,6478.51,6965.79,30.44,370.47,Critical
DENI_0065,8.18,2487.53,7271.29,1146.08,6021.22,5071.9,46.07,2277.08,Critical
DENI_0066,9.75,2852.38,7868.72,3071.35,6063.69,5778.88,32.36,885.28,Critical
DENI_0067,9.57,1345.31,4551.84,2170.15,4548.73,4977.77,46.46,1895.41,Critical
DENI_0068,9.67,2165.44,5927.69,1466.41,7526.2,6956.23,29.83,1900.04,Critical
DENI_0069,8.44,1743.79,3169.71,1342.67,4279.42,3539.96,41.13,2108.82,Critical
DENI_0070,8.93,2749.15,4280.08,1813.48,4178.32,4639.1,36.4,1571.88,Critical
DENI_0071,9.9,2091.41,6765.78,3338.13,4845.79,4746.85,42.35,1567.13,Critical
DENI_0072,8.45,1752.29,5807.03,2048.47,4302.24,5430.35,43.25,1255.25,Critical
DENI_0073,9.7,2794.57,3817.04,1625.93,5942.16,7127.65,28.73,2461.64,Critical
DENI_0074,9.14,1718.46,4756.35,1435.89,7062.08,9023.27,36.27,2385.81,Critical
DENI_0075,10.06,1962.1,7044.16,2087.46,6014.26,4985.96,41.93,226.78,Critical
DENI_0076,10.04,2649.89,4422.46,1809.16,5665.9,6223.04,33.75,1521.97,Critical
DENI_0077,8.74,1110.98,3015.17,1252.88,7065.13,9048.42,36.54,1330.44,Critical
DENI_0078,8.37,2102.06,3867.93,2528.04,7699.66,6913.13,43.29,156.41,Critical
DENI_0079,8.94,1221.5,5114.85,1433.84,5179.87,5225.25,34.01,1675.89,Critical
DENI_0080,10.3,1801.19,4154.06,1676.81,7343.0,7973.18,37.1,459.13,Critical
DENI_0081,9.12,1556.98,8658.98,3210.18,3877.56,4103.73,32.5,1085.87,Critical
DENI_0082,10.19,2055.03,5005.29,1519.72,7101.46,7898.66,37.36,621.96,Critical
DENI_0083,8.84,2919.69,6120.54,2001.75,5846.4,6954.26,34.8,528.89,Critical
DENI_0084,9.46,2330.41,7276.31,3204.97,5170.28,4331.03,47.17,1144.03,Critical
DENI_0085,9.56,2332.61,6279.08,1513.14,6898.14,8290.71,39.06,1272.55,Critical
DENI_0086,8.28,1167.9,5037.39,1777.12,7791.45,9285.94,41.2,1342.36,Critical
DENI_0087,8.42,2956.91,5250.24,1267.31,5722.1,7078.23,45.75,126.32,Critical
DENI_0088,10.22,1542.97,3233.83,3119.48,7387.4,8112.22,39.49,2051.49,Critical
DENI_0089,9.97,2780.21,6316.48,3419.12,7982.66,6851.3,44.99,1299.57,Critical
DENI_0090,8.97,2226.14,3335.79,2266.15,7419.01,6727.04,36.53,2354.75,Critical
DENI_0091,9.07,1716.74,5643.22,2298.63,6343.96,7614.95,37.04,2061.95,Critical
DENI_0092,9.33,1676.96,6947.7,2794.31,6011.22,4979.14,31.4,784.71,Critical
DENI_0093,8.71,2346.84,3110.09,2889.2,4694.04,4482.86,38.56,618.22,Critical
DENI_0094,10.21,1170.74,5666.29,3123.56,6271.3,5933.68,36.42,1796.07,Critical
DENI_0095,10.43,2786.28,5054.6,3495.49,3515.77,2861.19,44.48,578.71,Critical
DENI_0096,8.15,1474.3,5556.6,2826.42,6309.51,5797.24,38.07,2322.91,Critical
DENI_0097,10.04,1646.38,8893.59,2771.55,3781.02,3091.29,31.37,1846.85,Critical
DENI_0098,8.46,2022.97,3559.56,3302.22,5047.82,6330.3,46.9,114.71,Critical
DENI_0099,9.16,1049.31,8452.16,2296.02,3837.25,3281.38,35.67,2356.56,Critical
DENI_0100,9.73,2735.24,5198.74,1108.03,7884.43,6375.24,46.95,984.83,Critical
DENI_0101,8.03,2378.31,8883.24,3414.06,4224.22,3762.19,39.31,1629.53,Critical
DENI_0102,9.85,1362.1,8754.04,2596.85,7311.71,7823.77,36.29,2445.24,Critical
DENI_0103,9.46,2733.75,8719.75,2688.39,5970.22,4786.66,28.8,582.04,Critical
DENI_0104,8.47,1509.52,4829.61,1900.16,5392.42,4580.5,28.85,1717.47,Critical
DENI_0105,9.34,1888.29,6806.64,3069.2,5424.62,6078.61,47.07,2115.1,Critical
DENI_0106,9.07,2289.43,4062.43,2401.31,7915.98,8384.27,46.55,1077.6,Critical
DENI_0107,10.5,2158.44,3253.61,2466.89,4735.58,3865.37,44.42,761.75,Critical
DENI_0108,9.99,1576.44,4165.96,3434.84,5127.4,5643.67,40.2,1445.14,Critical
DENI_0109,10.29,5058.46,14778.49,8707.44,4314.78,4625.95,47.01,1600.95,Critical
DENI_0110,10.36,3393.07,11866.23,4645.35,6658.38,6083.07,28.08,923.04,Critical
DENI_0111,8.48,1712.18,4019.04,1265.76,7580.34,9845.54,31.28,230.85,Critical
DENI_0112,8.82,1923.32,4228.93,1753.56,4403.92,5228.03,42.25,1623.88,Critical
DENI_0113,8.97,2818.08,8817.2,1434.1,4503.56,4786.45,29.83,1147.48,Critical
DENI_0114,9.45,2044.15,4985.45,2356.11,7814.6,7056.65,41.1,204.15,Critical
DENI_0115,8.17,2103.66,3629.64,1055.87,4271.81,4623.91,42.07,585.95,Critical
DENI_0116,9.67,1364.95,6680.74,2029.9,6442.1,8358.79,46.76,110.28,Critical
DENI_0117,10.21,1132.98,8718.28,1704.56,5219.16,4414.47,30.25,1844.18,Critical
DENI_0118,10.36,2221.5,7295.1,2904.92,4682.66,3852.03,28.04,941.56,Critical
DENI_0119,8.6,1124.64,4077.17,1311.25,7616.95,6627.76,38.75,1523.45,Critical
DENI_0120,9.36,1198.11,4912.79,1128.18,5280.51,4722.36,39.23,1762.74,Critical
DENI_0121,9.33,1868.47,5324.0,3104.23,4487.16,5237.01,43.15,1106.08,Critical
DENI_0122,8.74,1941.08,3559.28,1114.83,4002.21,3576.26,38.08,2137.93,Critical
DENI_0123,8.59,2870.32,8729.45,3397.26,7269.03,7137.55,29.45,1465.16,Critical
DENI_0124,9.4,2699.95,8975.95,2270.39,5053.42,4512.46,28.1,1321.87,Critical
DENI_0125,9.39,2649.88,6027.46,3291.17,6326.38,7719.25,30.97,2152.81,Critical
DENI_0126,9.69,1340.47,4138.58,3316.25,3644.97,3758.94,34.27,1696.19,Critical
DENI_0127,10.1,1720.76,5561.41,3454.79,7027.62,8774.7,36.78,661.78,Critical
DENI_0128,9.03,2432.18,3656.58,1676.17,3709.86,3769.86,44.55,159.19,Critical
DENI_0129,9.69,2864.99,4421.57,2734.09,7887.96,10105.57,32.7,340.79,Critical
DENI_0130,8.37,2404.07,7354.55,2685.59,5012.35,4435.37,39.62,1260.83,Critical
DENI_0131,9.82,1882.72,5031.84,1733.7,4451.62,4152.8,29.9,932.46,Critical
DENI_0132,8.09,1372.83,7480.62,1813.67,6507.07,7538.06,39.62,2400.87,Critical
DENI_0133,8.05,2477.31,8752.72,3155.68,4255.52,4099.81,31.45,1543.14,Critical
DENI_0134,9.78,1634.15,6237.04,2727.3,5396.03,6620.97,43.43,255.2,Critical
DENI_0135,9.55,1470.65,6345.11,3392.22,7455.78,7472.62,33.83,662.57,Critical
DENI_0136,9.33,1228.5,6295.65,1003.33,4957.32,4511.0,47.42,1845.38,Critical
DENI_0137,8.87,1185.69,6100.8,1533.62,5913.93,7201.28,40.32,1621.09,Critical
DENI_0138,9.35,2854.53,8591.42,2281.81,4875.92,5021.19,31.73,1627.23,Critical
DENI_0139,9.25,1206.6,4185.89,2199.08,7494.15,8117.63,41.63,913.67,Critical
DENI_0140,9.43,1894.76,6954.78,1126.44,5719.85,5422.4,34.52,2406.2,Critical
DENI_0141,8.46,1622.49,6059.36,3157.57,5375.02,6299.16,45.13,844.04,Critical
DENI_0142,8.98,1713.11,7997.13,1110.87,4887.89,5570.75,39.31,1147.09,Critical
DENI_0143,9.35,1395.17,5584.3,2254.26,7555.35,7029.63,45.36,1646.18,Critical
DENI_0144,8.05,2449.26,3213.31,3493.45,7426.87,7045.66,33.15,1015.46,Critical
DENI_0145,8.89,1744.68,4909.66,2552.83,4239.19,5184.49,44.25,1243.56,Critical
DENI_0146,10.13,1494.29,3105.39,2548.02,5560.59,6025.36,45.99,2427.82,Critical
DENI_0147,9.59,2528.11,3502.85,1401.79,6799.42,6906.05,36.92,840.66,Critical
DENI_0148,9.52,1370.33,6761.5,1434.5,3787.22,3655.34,32.62,2233.58,Critical
DENI_0149,8.14,1353.23,6292.32,2202.67,3706.33,2978.5,47.76,1681.2,Critical
DENI_0150,8.91,1940.86,4599.3,1862.18,6420.7,7970.69,31.68,2116.87,Critical
DENI_0151,8.3,1429.98,3223.05,1352.03,7627.86,7854.56,29.55,2403.34,Critical
DENI_0152,10.2,2509.37,8600.84,1550.32,7263.66,8316.86,45.4,2012.59,Critical
DENI_0153,8.87,2548.8,4574.74,1821.48,3985.58,5051.88,33.82,1349.49,Critical
DENI_0154,8.98,2919.86,5010.3,2946.36,7349.37,7480.21,35.56,1894.59,Critical
DENI_0155,10.28,2509.86,4362.76,3220.77,5244.12,5706.2,44.63,552.15,Critical
DENI_0156,9.96,2192.33,8360.05,1429.93,5393.07,6560.25,28.38,369.28,Critical
DENI_0157,10.48,1560.79,8853.26,1456.33,5124.92,6029.13,41.16,1494.69,Critical
DENI_0158,9.32,4102.25,9731.64,3449.73,4199.54,4610.97,33.01,901.22,Critical
DENI_0159,9.71,1857.94,8188.74,2736.68,3536.45,3919.65,29.87,1974.24,Critical
DENI_0160,10.48,2062.4,7096.68,1593.29,5469.19,6716.43,31.35,737.29,Critical
DENI_0161,9.11,2424.5,5255.3,3319.33,3925.06,3867.76,42.18,642.37,Critical
DENI_0162,9.64,1328.43,3335.88,1302.54,7684.93,8268.03,43.93,898.37,Critical
DENI_0163,9.48,1989.9,8674.43,2868.94,6787.44,5587.26,38.99,1220.78,Critical
DENI_0164,10.32,1514.68,4619.0,2028.37,4595.16,3972.94,45.15,1439.86,Critical
DENI_0165,10.15,2662.27,4692.25,2369.34,3874.48,4872.65,36.09,1044.82,Critical
DENI_0166,8.76,1921.33,4510.56,1937.13,7099.76,8641.31,34.08,1225.63,Critical
DENI_0167,10.18,1105.35,8334.87,1547.96,6553.43,7151.6,39.06,2162.46,Critical
DENI_0168,8.25,1694.06,6229.52,3028.22,4473.99,5375.34,35.99,553.39,Critical
DENI_0169,9.9,1181.8,6088.6,1159.69,5103.88,5617.02,39.12,1071.17,Critical
DENI_0170,9.07,1453.54,5735.3,3383.14,7327.04,6393.7,28.6,2340.46,Critical
DENI_0171,9.32,2075.68,7684.31,1786.72,5668.58,7280.34,41.44,468.99,Critical
DENI_0172,8.33,1408.53,7600.27,1738.44,3596.25,4574.74,31.39,122.94,Critical
DENI_0173,8.59,1470.06,5532.03,3300.97,7456.33,7668.44,36.22,1432.02,Critical
DENI_0174,8.61,1104.37,8635.34,1466.75,4392.8,4551.95,37.83,144.24,Critical
DENI_0175,8.37,1756.31,7102.38,1571.05,5403.57,5828.68,45.77,882.57,Critical
DENI_0176,8.33,1978.54,7480.33,1274.65,5411.08,4376.98,28.67,1259.09,Critical
DENI_0177,8.75,2690.21,6612.93,2134.83,5335.71,5595.15,28.81,2242.7,Critical
DENI_0178,10.5,1362.97,3722.3,1358.94,6474.62,7320.99,44.96,1904.38,Critical
DENI_0179,9.12,2225.71,7129.71,2281.84,5640.43,6331.66,39.15,1645.46,Critical
DENI_0180,9.53,2438.39,6856.82,2299.36,6568.09,6730.59,32.83,103.4,Critical
DENI_0181,9.4,2181.31,8832.29,1903.7,5273.6,4750.99,29.41,1954.73,Critical
DENI_0182,8.62,2217.81,7126.64,2178.09,7443.58,7606.58,33.7,2250.44,Critical
DENI_0183,10.15,1328.08,3155.77,1224.96,4789.46,6159.87,39.17,995.83,Critical
DENI_0184,10.22,1906.27,4891.43,3353.05,7322.83,8947.28,38.25,1994.65,Critical
DENI_0185,8.45,2146.45,8903.08,1727.4,7074.59,7394.64,28.8,1931.25,Critical
DENI_0186,8.42,2262.95,3513.99,3367.17,4812.76,4395.17,30.58,2370.41,Critical
DENI_0187,9.78,2483.32,5996.43,2186.82,3995.1,4314.39,32.94,2445.15,Critical
DENI_0188,9.99,1825.98,3908.05,2963.33,4049.24,3622.72,32.23,1436.54,Critical
DENI_0189,9.97,1628.63,3508.02,2161.35,6866.5,6254.23,32.4,2373.34,Critical
DENI_0190,10.39,2980.93,7845.96,1470.46,4453.92,4320.8,34.36,2395.67,Critical
DENI_0191,9.97,2448.02,4115.78,3273.81,7225.42,6371.53,45.42,753.39,Critical
DENI_0192,8.2,2313.64,6922.83,1237.33,4934.83,6397.55,41.57,1852.18,Critical
DENI_0193,8.53,1157.56,4661.41,1622.25,4555.45,4083.4,39.5,887.45,Critical
DENI_0194,10.05,1367.89,5787.76,1034.14,5667.57,4692.29,47.55,1997.42,Critical
DENI_0195,9.23,1173.17,6554.67,2896.91,4358.23,4724.78,44.28,1943.79,Critical
DENI_0196,10.01,5117.66,13116.11,3869.6,6059.46,7243.05,41.94,2489.25,Critical
DENI_0197,8.66,1445.06,7254.74,1211.9,6837.24,7840.35,33.02,706.8,Critical
DENI_0198,9.57,2524.34,8258.91,3130.35,7841.97,8553.18,46.17,2040.43,Critical
DENI_0199,10.24,1023.25,8795.42,2183.83,7091.82,6124.51,35.92,751.51,Critical
DENI_0200,8.73,1246.51,7834.58,1023.11,4906.27,4352.87,39.78,710.21,Critical
DENI_0201,8.65,1976.68,6916.13,1303.26,4289.8,3962.01,47.47,1053.17,Critical
DENI_0202,9.5,1483.09,5942.76,1185.3,3656.34,3782.0,35.97,428.51,Critical
DENI_0203,9.72,2985.81,5373.88,2561.4,7833.39,9523.58,37.27,1869.97,Critical
DENI_0204,8.32,2024.21,4674.36,1402.91,5418.26,4689.54,41.98,1194.98,Critical
DENI_0205,9.33,1292.75,3838.63,2458.54,7932.54,6727.79,33.71,2186.7,Critical
DENI_0206,8.18,2751.77,6145.72,2020.67,4893.56,4641.83,34.12,2223.53,Critical
DENI_0207,9.81,2339.45,7792.49,1642.79,6281.19,6469.83,43.65,842.21,Critical
DENI_0208,9.61,2764.42,5412.9,1166.56,5822.23,5664.95,41.44,2382.48,Critical
DENI_0209,9.21,1932.38,6927.51,1258.74,4640.78,5845.01,41.4,132.27,Critical
DENI_0210,8.51,2365.67,7586.4,3099.65,4814.8,6093.2,39.06,1771.69,Critical
DENI_0211,9.49,1245.48,8778.69,1307.19,4646.97,5608.03,40.37,2111.56,Critical
DENI_0212,9.29,1753.99,8531.07,1090.63,7352.59,6730.63,44.97,434.07,Critical
DENI_0213,9.45,2776.22,5841.24,2866.42,7121.02,8319.11,46.51,1172.4,Critical
DENI_0214,8.43,1095.62,4478.76,1357.99,6010.77,5364.45,28.78,186.38,Critical
DENI_0215,10.08,2182.9,5148.51,3235.57,3815.88,4923.1,40.33,540.31,Critical
DENI_0216,9.7,2526.76,5576.06,3154.08,4178.3,3925.17,29.87,606.11,Critical
DENI_0217,8.6,2835.27,3468.66,2068.54,5895.79,7365.88,47.95,1908.13,Critical
DENI_0218,10.43,2574.2,8779.22,2768.18,3858.94,3862.64,40.93,941.72,Critical
DENI_0219,8.68,2154.8,8601.01,1087.45,6961.54,8084.88,47.28,2333.71,Critical
DENI_0220,9.91,2040.82,4225.61,2363.09,6944.08,8665.06,43.79,568.64,Critical
DENI_0221,9.5,1664.35,3055.23,1500.55,4009.49,4897.03,33.17,783.28,Critical
DENI_0222,10.4,3272.38,5454.66,4775.01,4036.85,3436.99,29.55,1523.82,Critical
DENI_0223,9.06,2831.38,5987.63,1997.09,6876.75,5753.0,29.79,1664.74,Critical
DENI_0224,9.22,2580.83,8497.63,1970.92,6183.85,6495.2,47.63,2094.6,Critical
DENI_0225,10.28,1508.68,7635.16,1663.68,4439.34,5647.43,28.39,2416.93,Critical
DENI_0226,8.37,2638.88,4655.54,1876.76,4475.41,4890.54,34.96,1677.74,Critical
DENI_0227,8.04,1128.75,3597.97,2047.48,7166.58,8915.86,32.9,1478.49,Critical
DENI_0228,9.92,1577.66,5454.05,2309.94,4106.94,3338.91,31.06,1604.45,Critical
DENI_0229,8.18,1379.39,5027.12,1194.68,4362.65,5477.9,28.39,1668.24,Critical
DENI_0230,8.96,2345.3,6532.15,1558.75,7312.44,7648.59,44.45,1074.43,Critical
DENI_0231,10.46,2540.98,8795.7,2285.82,5631.61,6632.5,45.61,2413.95,Critical
DENI_0232,8.81,2597.41,4263.87,2363.94,4309.32,4195.98,46.63,450.62,Critical
DENI_0233,9.58,2185.91,3724.43,1814.95,6033.42,5391.4,44.01,2433.18,Critical
DENI_0234,8.54,1373.82,5729.61,2869.41,4767.2,3861.15,38.82,2395.84,Critical
DENI_0235,8.98,1840.27,8813.41,2736.52,6736.27,7284.27,47.49,1753.28,Critical
DENI_0236,10.24,5557.89,13887.84,2875.14,4865.65,5797.38,33.93,1450.65,Critical
DENI_0237,10.07,2205.46,4121.46,2355.09,4771.24,4588.66,35.03,251.97,Critical
DENI_0238,10.46,1063.07,6974.98,1928.07,6407.05,6266.89,41.48,1850.17,Critical
DENI_0239,9.73,2221.12,17750.7,3353.91,3629.61,3656.52,36.67,1221.22,Critical
DENI_0240,8.15,2373.64,6406.96,1873.56,6673.35,7131.67,37.38,1327.18,Critical
DENI_0241,9.59,2320.01,4733.75,1351.86,4204.85,4708.15,45.46,1082.79,Critical
DENI_0242,8.42,2513.2,7994.94,3201.46,6230.74,7666.08,28.31,357.37,Critical
DENI_0243,8.23,2425.21,3417.49,2240.91,5627.18,5375.94,45.41,509.04,Critical
DENI_0244,8.88,2548.34,3182.53,2682.38,7173.79,9082.98,45.53,866.52,Critical
DENI_0245,9.47,1154.59,4547.22,1235.56,4918.34,6086.91,34.94,1448.56,Critical
DENI_0246,9.08,1917.83,8817.43,1740.39,6322.96,6386.39,29.22,1274.39,Critical
DENI_0247,10.03,1197.51,3417.55,1384.08,6939.8,8064.03,39.3,1223.74,Critical
DENI_0248,10.22,2533.4,7871.65,3033.16,6392.23,6577.65,45.29,2322.42,Critical
DENI_0249,8.06,1103.11,8752.46,1692.9,7430.16,7388.53,30.38,293.06,Critical
DENI_0250,8.39,1499.79,5931.11,2753.74,7938.79,8103.55,38.36,1352.36,Critical
DENI_0251,9.35,2035.48,3052.65,1004.31,3939.5,3351.64,42.1,591.8,Critical
DENI_0252,10.24,2857.21,8855.36,3347.7,4723.5,4982.77,31.51,2034.9,Critical
DENI_0253,10.22,2702.58,5600.2,2896.68,3939.11,3230.55,43.06,1120.85,Critical
DENI_0254,10.49,1194.51,8133.77,2199.96,7222.18,8728.46,46.32,814.84,Critical
DENI_0255,10.37,1303.33,3491.81,2079.04,7227.45,7492.77,44.59,1851.25,Critical
DENI_0256,8.52,2897.76,3364.69,3245.7,4870.0,5113.86,36.45,512.4,Critical
DENI_0257,8.9,1385.87,4223.32,1467.64,5700.58,6834.8,39.38,2243.7,Critical
DENI_0258,9.59,2378.68,7005.64,2123.65,6602.02,5511.72,45.2,1966.75,Critical
DENI_0259,8.61,2536.06,3075.86,1543.12,3793.12,4514.24,43.12,2052.73,Critical
DENI_0260,8.01,2002.47,7229.02,1388.5,6424.06,5409.41,31.63,1241.91,Critical
DENI_0261,9.63,1291.74,4111.34,1511.12,4574.15,4177.47,35.9,1669.1,Critical
DENI_0262,9.1,2551.95,7315.61,1316.32,3719.79,4608.71,29.6,456.01,Critical
DENI_0263,8.06,2256.67,6494.22,3467.26,7491.2,7531.81,35.43,812.44,Critical
DENI_0264,8.38,1276.17,3793.7,1285.29,4582.3,4368.46,47.23,1488.34,Critical
DENI_0265,10.47,1744.93,5745.76,1811.45,4322.99,3767.84,46.9,2468.35,Critical
DENI_0266,8.11,1300.69,5541.14,1465.83,5137.46,4441.58,37.13,752.07,Critical
DENI_0267,8.88,1188.63,5568.77,3458.14,4979.75,6166.0,44.86,2384.94,Critical
DENI_0268,9.98,2319.19,8139.51,1189.11,5582.74,7227.57,43.39,2408.98,Critical
DENI_0269,9.95,2749.76,7239.18,2901.26,5854.3,7388.82,44.5,2125.32,Critical
DENI_0270,9.68,1609.16,3213.78,3339.14,6137.54,5824.96,30.98,2090.86,Critical
DENI_0271,10.09,2629.02,6870.5,1915.04,4868.32,3915.48,44.67,309.84,Critical
DENI_0272,9.58,2008.15,6160.14,3316.78,3642.27,4322.27,29.04,191.57,Critical
DENI_0273,9.07,1126.15,7734.86,2323.91,3630.67,2978.06,40.25,2034.67,Critical
DENI_0274,9.09,2109.16,7798.98,2526.27,4511.42,4992.0,40.57,1861.86,Critical
DENI_0275,9.55,2938.48,4183.73,3377.73,5922.53,6727.86,29.99,1013.38,Critical
DENI_0276,9.92,2413.82,3240.84,2366.49,3897.25,5058.35,45.95,150.59,Critical
DENI_0277,10.15,2838.86,5121.29,2798.75,5489.47,6190.02,34.81,874.14,Critical
DENI_0278,9.06,1291.14,7986.83,1871.74,5300.67,6610.08,37.93,1406.21,Critical
DENI_0279,10.39,2773.45,4016.8,2183.04,7870.83,7762.08,35.43,568.07,Critical
DENI_0280,8.29,2480.61,7620.18,3422.53,6980.38,6433.65,28.8,2465.05,Critical
DENI_0281,8.85,1623.94,8435.73,2462.75,4466.92,5559.3,47.87,308.03,Critical
DENI_0282,10.16,1781.03,6144.43,3287.04,7880.21,7337.12,32.26,293.24,Critical
DENI_0283,9.4,1027.21,5471.39,1183.46,5323.52,4365.11,44.7,603.37,Critical
DENI_0284,8.82,2740.1,7477.6,1547.6,3823.55,4427.05,35.81,1938.59,Critical
DENI_0285,9.11,1692.0,5707.23,2871.4,7559.99,6236.11,38.48,178.81,Critical
DENI_0286,9.17,2770.57,5169.54,3331.13,6337.74,8030.41,43.14,348.24,Critical
DENI_0287,8.58,1788.34,4020.64,2237.28,5621.16,7184.57,36.67,1985.5,Critical
DENI_0288,10.35,2753.98,4252.01,2240.07,5064.83,5064.47,35.22,2083.26,Critical
DENI_0289,9.13,2047.39,8894.68,1149.95,5695.81,6761.1,31.02,1567.68,Critical
DENI_0290,8.6,2734.81,4962.6,1822.66,6191.87,5521.79,33.7,1099.92,Critical
DENI_0291,8.88,2049.75,6597.84,2416.67,6443.76,6146.54,30.53,1925.94,Critical
DENI_0292,10.13,1514.01,5442.55,2246.42,5899.97,6665.46,28.83,1831.54,Critical
DENI_0293,8.15,1936.58,7966.03,2128.04,4170.9,5390.96,45.79,1951.15,Critical
DENI_0294,9.03,1367.69,8648.47,2330.88,7335.6,7123.22,34.71,2465.3,Critical
DENI_0295,9.3,1281.39,4318.05,2204.86,3691.12,3806.53,36.38,1970.41,Critical
DENI_0296,8.89,2965.1,4084.62,2477.47,3903.65,4555.29,47.9,2065.93,Critical
DENI_0297,9.39,1969.48,8010.18,3339.94,7951.43,7937.67,47.82,474.22,Critical
DENI_0298,8.63,1178.03,4630.43,2919.84,7338.16,8728.35,40.62,1333.52,Critical
DENI_0299,9.77,1781.67,8047.85,2692.98,6640.12,7091.44,45.7,704.84,Critical
DENI_0300,8.95,2555.29,5956.49,3223.04,5058.8,4981.22,45.77,1214.49,Critical
DENI_0301,9.29,1665.53,4660.02,2639.87,4039.28,5007.24,43.58,557.8,Critical
DENI_0302,9.74,2205.27,4107.21,1683.01,5340.44,6139.48,40.77,1377.36,Critical
DENI_0303,9.92,2515.88,6707.15,2967.48,5004.19,6208.32,40.3,2073.67,Critical
DENI_0304,9.37,1436.88,6254.46,1927.78,6638.75,6890.34,44.72,1727.37,Critical
DENI_0305,9.71,1434.31,8905.5,3104.19,7050.52,6804.51,38.71,429.05,Critical
DENI_0306,9.35,1291.78,6318.23,2621.8,5255.88,5514.85,45.51,360.55,Critical
DENI_0307,9.98,1341.51,3220.25,1463.94,6942.69,6960.48,45.45,1359.3,Critical
DENI_0308,8.06,5668.43,7532.05,5311.14,4256.46,4140.36,43.23,2390.16,Critical
DENI_0309,10.02,2314.99,4156.46,1756.26,4092.97,4058.11,32.07,1645.6,Critical
DENI_0310,10.49,1024.02,6245.52,2434.17,7613.94,8017.5,38.87,1231.97,Critical
DENI_0311,8.67,1112.06,5451.95,1131.48,5977.22,5700.16,38.67,422.31,Critical
DENI_0312,10.33,2789.04,4139.98,1858.61,6260.72,5308.11,35.09,702.67,Critical
DENI_0313,10.29,2705.02,6479.0,2300.87,7688.27,9734.99,47.39,400.91,Critical
DENI_0314,8.4,2353.47,6248.61,1046.16,3778.89,4701.09,45.38,957.45,Critical
DENI_0315,10.23,2187.35,7835.43,2068.58,4010.29,4077.92,37.15,1422.27,Critical
DENI_0316,8.26,2982.8,4464.82,1496.38,5870.61,6273.36,36.8,1952.54,Critical
DENI_0317,9.29,2219.39,7342.48,1062.56,6067.9,7536.92,28.35,1072.44,Critical
DENI_0318,10.32,1706.31,5752.37,3453.85,4396.96,3661.03,45.19,2184.32,Critical
DENI_0319,9.18,2028.41,8014.84,2846.4,4693.17,3794.18,37.59,2161.39,Critical
DENI_0320,10.24,2912.45,8277.38,2450.11,5500.73,6531.7,42.8,1391.54,Critical
DENI_0321,8.22,2852.16,5733.62,1908.33,6333.05,7200.16,32.21,2108.65,Critical
DENI_0322,8.72,1373.37,5438.4,2826.4,7844.56,9449.88,46.81,437.45,Critical
DENI_0323,8.18,2115.41,4741.78,3070.14,6523.95,8385.65,33.1,1265.88,Critical
DENI_0324,9.25,1478.35,6540.56,2108.21,5510.25,5407.58,28.34,1353.03,Critical
DENI_0325,8.84,1002.64,4847.66,1696.57,5270.52,4563.88,38.15,1761.86,Critical
DENI_0326,9.58,2607.51,5712.05,2297.73,7146.81,7245.8,42.03,1143.05,Critical
DENI_0327,9.04,2520.41,4049.02,1846.46,4508.78,4416.6,32.61,1490.57,Critical
DENI_0328,10.0,2573.23,5187.01,3471.9,6172.34,6170.49,44.71,1851.7,Critical
DENI_0329,9.87,1392.28,5809.95,3154.57,5768.17,6585.67,39.76,2121.66,Critical
DENI_0330,8.71,2150.95,3739.41,2725.53,6793.86,5580.6,41.52,1095.26,Critical
DENI_0331,8.31,1839.82,4165.4,2038.9,5229.53,6114.34,43.48,1556.87,Critical
DENI_0332,8.06,2862.04,7117.4,1085.49,7184.75,6467.23,39.58,1219.92,Critical
DENI_0333,9.05,2779.43,5624.17,1188.36,7759.87,9779.51,41.69,1222.94,Critical
DENI_0334,8.23,2581.5,3452.87,1171.5,5918.23,5208.42,28.15,1115.47,Critical
DENI_0335,8.34,1321.03,3461.46,1512.73,6719.68,8093.61,37.05,1315.73,Critical
DENI_0336,8.08,1138.63,4545.41,2359.75,6827.98,7527.86,35.84,383.98,Critical
DENI_0337,9.95,3050.33,16814.74,6627.55,6823.98,8554.85,46.42,1384.26,Critical
DENI_0338,9.14,1255.18,5596.23,1317.63,5761.39,6225.98,34.76,271.96,Critical
DENI_0339,10.36,2546.71,8033.29,1917.17,6923.74,7219.29,32.02,398.62,Critical
DENI_0340,8.86,1275.1,8989.61,1122.97,5485.15,5628.02,34.01,1471.24,Critical
DENI_0341,8.37,2567.82,4994.69,2478.36,6720.38,8363.65,44.72,1559.94,Critical
DENI_0342,8.97,2006.41,7612.41,3193.86,3967.02,3936.98,43.52,1135.96,Critical
DENI_0343,8.83,1822.65,6617.07,3499.51,5718.47,5170.91,31.26,201.64,Critical
DENI_0344,9.4,2089.14,4231.4,2738.32,6834.98,6353.45,34.88,2477.13,Critical
DENI_0345,8.94,2521.6,5716.35,2983.36,6960.6,7892.47,45.1,2354.12,Critical
DENI_0346,9.45,1474.94,5391.77,2895.76,6428.98,5714.71,29.02,1739.11,Critical
DENI_0347,8.63,1999.34,7480.48,2406.67,3874.86,3459.44,32.39,718.87,Critical
DENI_0348,9.41,2007.93,4218.96,1168.89,4271.44,5519.51,37.37,2181.63,Critical
DENI_0349,10.12,2023.04,7240.13,1481.88,6597.79,6176.8,44.64,300.94,Critical
DENI_0350,9.93,1199.87,8287.14,1760.51,6444.77,6726.74,35.33,1649.06,Critical
DENI_0351,10.37,1082.54,8513.12,2522.7,7132.91,7075.4,37.44,2185.24,Critical
DENI_0352,9.04,2069.32,3121.17,1396.5,6387.59,7399.95,39.65,443.94,Critical
DENI_0353,9.11,1710.19,5973.97,3175.82,6991.38,5886.71,45.81,1232.24,Critical
DENI_0354,9.86,1280.08,7024.32,1590.82,5472.71,4424.31,31.03,320.99,Critical
DENI_0355,8.6,1200.04,7151.46,1072.6,6279.83,5465.67,46.9,2339.43,Critical
DENI_0356,8.56,2228.84,3168.03,3329.47,5853.44,4809.25,34.85,284.44,Critical
DENI_0357,8.98,2339.85,5819.34,1959.31,4036.21,3723.28,30.0,2038.0,Critical
DENI_0358,8.34,2190.75,5056.44,1564.95,6377.61,6559.38,36.0,1522.84,Critical
DENI_0359,9.23,1606.97,6354.37,2673.75,3620.12,3739.35,29.15,547.37,Critical
DENI_0360,9.4,2732.38,8296.83,1174.86,5385.97,5878.8,30.94,1937.04,Critical
DENI_0361,9.86,2806.68,3050.92,1541.71,7222.34,8199.45,45.89,237.23,Critical
DENI_0362,9.49,2138.09,3214.05,2283.81,6242.84,5591.38,33.47,1636.83,Critical
DENI_0363,9.17,2716.03,5054.29,1666.65,7931.9,9959.04,28.58,1949.75,Critical
DENI_0364,8.28,1054.97,4642.17,1673.36,7186.93,8303.3,47.63,1807.63,Critical
DENI_0365,9.05,2397.86,8996.75,2775.35,6927.57,8792.35,30.27,1791.48,Critical
DENI_0366,10.13,2908.76,4265.82,2259.82,6562.5,6062.0,40.01,718.19,Critical
DENI_0367,8.83,1883.04,6175.14,2123.41,5719.38,5429.38,31.18,213.64,Critical
DENI_0368,8.49,2163.89,7716.69,1423.12,3988.5,4685.07,34.1,2383.6,Critical
DENI_0369,9.79,1653.51,4737.26,2309.25,3856.15,3311.81,31.52,1959.34,Critical
DENI_0370,9.28,1021.13,7041.1,2059.23,5798.84,5259.88,39.04,2449.97,Critical
DENI_0371,8.18,1567.83,4457.99,1621.37,5204.18,6292.14,46.26,585.32,Critical
DENI_0372,9.36,2273.8,6130.96,2085.19,4363.89,4556.38,36.02,2009.35,Critical
DENI_0373,9.91,1268.0,3531.11,3270.38,5909.79,7262.54,29.16,1363.64,Critical
DENI_0374,9.35,2721.4,3585.66,1601.11,5329.42,6570.75,46.78,2482.54,Critical
DENI_0375,10.4,2446.08,7983.93,3005.82,5069.88,6159.7,45.85,548.4,Critical
DENI_0376,8.26,1915.63,5254.77,2444.14,5473.96,4426.64,47.88,1404.5,Critical
DENI_0377,9.18,2909.23,3935.16,1473.09,7136.07,6639.51,43.98,751.68,Critical
DENI_0378,8.08,2034.03,4180.12,2894.62,6385.4,8057.11,43.66,533.86,Critical
DENI_0379,10.0,2283.47,7013.71,3080.66,6082.21,6282.93,40.73,815.1,Critical
DENI_0380,8.46,2233.18,4403.09,1199.79,3502.49,3867.31,35.24,1905.55,Critical
DENI_0381,8.94,1972.01,5442.51,2626.44,5102.63,6540.98,46.72,2135.27,Critical
DENI_0382,10.3,1898.28,6218.58,2855.23,6632.66,8259.91,42.33,2494.92,Critical
DENI_0383,8.87,2666.0,7185.81,2728.47,4966.26,5923.76,46.01,624.52,Critical
DENI_0384,9.56,1784.27,8937.29,2197.08,4527.44,4486.37,41.08,282.61,Critical
DENI_0385,9.51,2862.45,8102.18,1169.18,7970.25,9160.71,31.25,129.8,Critical
DENI_0386,8.43,2676.35,3129.84,1582.87,6907.88,7550.69,43.65,1890.76,Critical
DENI_0387,8.13,2785.02,4362.19,2383.48,6399.3,5658.99,47.52,1271.57,Critical
DENI_0388,8.14,2874.52,6517.61,2747.98,5863.29,7137.79,28.66,744.11,Critical
DENI_0389,9.17,1153.21,7235.44,1984.16,4727.01,3789.59,42.4,2101.14,Critical
DENI_0390,8.99,2128.44,4366.12,2555.49,3554.62,3712.17,40.88,2303.66,Critical
DENI_0391,8.95,2530.38,6586.12,3317.53,5292.7,5078.6,45.74,218.19,Critical
DENI_0392,8.34,1164.81,8058.66,1026.52,7377.46,7566.57,28.08,1063.95,Critical
DENI_0393,8.47,2248.8,7076.15,2218.82,3682.34,4153.92,44.84,1828.78,Critical
DENI_0394,10.07,1401.02,8333.33,1805.48,3560.32,4349.63,46.84,1673.34,Critical
DENI_0395,8.58,1503.49,5799.56,3244.58,4173.19,5062.02,33.83,2040.61,Critical
DENI_0396,10.3,1854.99,5190.3,3005.55,5882.67,6719.33,40.46,466.93,Critical
DENI_0397,10.11,1391.55,8593.69,1626.43,6802.46,6410.15,34.36,844.0,Critical
DENI_0398,9.87,2113.63,8297.71,1768.43,6613.97,7781.17,31.03,1061.41,Critical
DENI_0399,9.21,1711.37,4932.68,2716.05,4471.4,5163.1,46.7,1456.47,Critical
DENI_0400,9.53,1137.87,8186.86,1713.62,6267.73,8082.59,39.91,1839.3,Critical
DENI_0401,9.11,1120.73,7785.6,1087.5,6652.96,5398.62,45.25,478.33,Critical
DENI_0402,9.29,2194.3,5745.27,1851.91,5605.16,5356.9,36.76,961.39,Critical
DENI_0403,9.42,1475.85,8931.94,2252.17,4373.73,4542.26,45.33,152.34,Critical
DENI_0404,9.7,2095.94,4017.35,3043.69,5159.98,4885.99,44.56,1632.46,Critical
DENI_0405,10.25,2259.77,7444.91,3091.11,3746.33,4450.73,40.27,266.82,Critical
DENI_0406,9.27,1164.92,7415.68,2366.25,7791.08,6946.28,40.12,607.8,Critical
DENI_0407,9.54,2445.3,7333.83,3037.68,7340.98,6156.41,34.87,1749.09,Critical
DENI_0408,9.25,1381.35,6316.26,2018.59,5255.17,6331.83,36.15,163.49,Critical
DENI_0409,8.15,2712.49,8763.6,2721.02,5139.66,6523.77,41.26,2126.4,Critical
DENI_0410,9.91,1758.28,5872.21,1465.33,4814.06,5724.22,45.88,1838.71,Critical
DENI_0411,9.16,1173.02,3341.69,1935.81,5587.2,6171.4,28.13,2475.33,Critical
DENI_0412,8.91,2696.19,6209.8,1326.1,7089.04,8187.23,38.55,1334.93,Critical
DENI_0413,8.22,2311.7,8467.47,1233.11,4685.8,5862.66,33.69,1669.46,Critical
DENI_0414,9.34,2192.66,5494.73,1749.98,3718.4,4358.49,42.92,1709.74,Critical
DENI_0415,9.61,1487.43,3134.07,3021.79,5710.12,5444.14,30.04,250.53,Critical
DENI_0416,8.87,2609.47,8512.34,3241.88,7640.0,9579.51,38.54,626.6,Critical
DENI_0417,10.0,1427.43,4603.24,1583.14,5817.42,5590.04,31.08,1187.62,Critical
DENI_0418,10.18,2141.11,8270.01,1489.68,4251.38,4624.6,37.27,1684.41,Critical
DENI_0419,9.99,2502.61,8653.57,1995.64,4428.74,4762.92,30.21,793.24,Critical
DENI_0420,8.52,1793.13,3667.3,1079.6,6455.57,7134.21,42.17,1684.93,Critical
DENI_0421,8.29,1582.16,3777.16,3107.43,6861.07,6180.2,34.83,2419.88,Critical
DENI_0422,9.49,2602.31,4587.55,1525.13,7027.63,8032.13,41.62,1426.32,Critical
DENI_0423,9.41,2471.4,4620.01,1881.92,7422.37,7084.15,38.93,1786.33,Critical
DENI_0424,10.5,1870.58,5568.56,3106.47,7124.76,8304.18,37.26,877.45,Critical
DENI_0425,9.52,2752.45,8302.66,1271.25,5427.58,5603.22,47.55,1727.2,Critical
DENI_0426,9.02,1052.12,6392.31,1240.19,7255.02,8533.78,37.21,1130.11,Critical
DENI_0427,10.24,1576.92,4494.12,3347.99,7141.61,8643.58,31.9,443.91,Critical
DENI_0428,8.07,1474.08,7645.14,1600.1,6780.96,6278.86,35.91,2459.59,Critical
DENI_0429,8.61,1752.74,4806.52,1274.06,5704.52,5643.74,41.9,2062.23,Critical
DENI_0430,9.36,1064.39,6713.53,1138.48,6273.6,7167.68,31.96,2066.43,Critical
DENI_0431,10.28,2626.17,4830.66,2466.61,7616.67,7314.53,44.4,122.74,Critical
DENI_0432,8.01,2519.42,7568.69,2972.44,7685.12,6601.16,32.64,2268.94,Critical
DENI_0433,8.44,4719.54,15041.62,2353.18,4783.69,5071.6,45.05,1798.09,Critical
DENI_0434,8.3,1818.15,3171.11,1527.64,5446.18,5496.84,28.89,1513.74,Critical
DENI_0435,9.37,1156.21,8658.98,1248.46,7346.75,5878.54,45.65,147.33,Critical
DENI_0436,9.89,1723.38,7429.3,2004.36,3819.09,4520.86,29.43,2313.09,Critical
DENI_0437,8.13,1958.65,7338.21,1983.12,4477.55,5281.47,43.69,2314.47,Critical
DENI_0438,8.94,2012.5,5178.77,1642.7,6879.65,6672.06,36.56,1068.82,Critical
DENI_0439,9.78,2835.59,7000.54,2178.96,7006.42,7850.59,29.21,329.59,Critical
DENI_0440,8.09,3094.42,15116.36,2717.01,5228.72,6560.68,44.74,1696.12,Critical
DENI_0441,8.27,1585.19,6310.74,1160.0,4113.03,3662.82,40.64,1577.9,Critical
DENI_0442,9.38,1501.0,5226.72,1241.72,4519.07,5643.65,47.59,1654.38,Critical
DENI_0443,10.29,2285.48,3199.18,3491.91,3945.29,4502.84,33.06,1040.75,Critical
DENI_0444,9.61,1872.97,4503.28,1836.12,5036.97,6445.62,43.97,1200.52,Critical
DENI_0445,8.5,2622.03,3943.09,1526.16,5147.06,6383.25,30.64,393.36,Critical
DENI_0446,9.23,1552.82,6412.37,2129.09,5457.32,4671.39,30.82,2070.59,Critical
DENI_0447,10.21,1469.37,3680.76,1133.54,6237.34,7220.82,35.46,1731.22,Critical
DENI_0448,9.78,2870.68,3389.24,1480.73,3808.37,4699.52,43.85,1479.14,Critical
DENI_0449,8.21,1546.62,4786.32,2401.86,4661.2,3899.0,42.62,817.79,Critical
DENI_0450,9.13,1255.33,7815.29,2413.83,7557.14,7917.89,46.83,2240.48,Critical
DENI_0451,9.44,2867.79,4938.53,1914.11,3704.65,4055.11,42.44,1956.45,Critical
DENI_0452,8.37,1888.32,4061.18,2655.32,4210.76,5272.22,32.61,799.37,Critical
DENI_0453,10.13,1916.94,3143.98,2236.47,3880.45,5016.15,39.76,715.68,Critical
DENI_0454,9.41,1153.73,7799.35,3313.32,7435.0,7218.48,34.52,184.21,Critical
DENI_0455,9.63,2069.81,5756.08,3269.08,4255.46,3424.94,29.47,636.09,Critical
DENI_0456,8.08,2005.69,4884.54,1451.21,6875.38,6203.14,41.75,938.24,Critical
DENI_0457,9.28,2867.73,3224.11,2250.66,7344.9,8035.23,33.54,1054.43,Critical
DENI_0458,9.7,2781.62,3246.4,1178.85,4962.73,4547.8,33.3,631.05,Critical
DENI_0459,8.49,1261.25,8603.72,1360.47,4419.82,4080.08,46.66,1913.71,Critical
DENI_0460,9.97,1209.52,8017.86,2020.48,4682.7,5094.19,44.44,1968.77,Critical
DENI_0461,10.22,2856.26,4428.73,2059.64,3565.83,4420.42,31.09,2167.54,Critical
DENI_0462,8.82,2904.16,6651.97,3413.3,7497.64,6093.88,36.13,175.36,Critical
DENI_0463,10.19,3728.27,11693.76,6574.12,4139.48,3848.46,38.92,670.06,Critical
DENI_0464,10.37,1231.61,5007.99,1798.87,4180.32,5037.92,43.2,1262.62,Critical
DENI_0465,9.34,1119.09,6333.04,2978.35,6082.22,5672.6,41.35,967.57,Critical
DENI_0466,9.36,1975.13,5287.05,2797.19,7477.44,6001.44,46.67,1327.64,Critical
DENI_0467,9.75,2711.25,5802.62,3087.44,4299.29,3781.59,41.15,2188.34,Critical
DENI_0468,10.23,2287.48,6152.94,1828.48,7910.0,7592.4,42.88,1376.76,Critical
DENI_0469,9.52,1786.96,8788.94,2429.21,7720.04,6205.34,39.45,1821.25,Critical
DENI_0470,9.86,2809.95,3026.41,1000.83,5625.19,4582.54,47.49,632.96,Critical
DENI_0471,9.18,1122.28,6132.29,1949.89,3700.97,3580.92,35.83,2475.81,Critical
DENI_0472,8.52,2089.56,8923.89,2980.05,7970.15,10234.86,37.79,1771.3,Critical
DENI_0473,8.28,1882.3,7854.11,2263.34,6662.15,7813.87,33.07,2201.68,Critical
DENI_0474,9.15,1420.37,8192.5,2044.55,6876.41,7385.38,35.64,2043.7,Critical
DENI_0475,9.46,1781.12,3657.59,3238.61,3659.61,4507.15,35.2,1634.41,Critical
DENI_0476,10.31,1303.41,6401.7,2911.08,6909.13,7343.13,40.49,1918.06,Critical
DENI_0477,10.1,2523.63,5124.03,3491.82,5455.26,4430.94,35.25,406.68,Critical
DENI_0478,8.3,1563.07,3320.25,2721.28,3832.95,3455.96,29.86,251.6,Critical
DENI_0479,8.67,3365.37,23444.06,7446.2,7441.7,6608.48,33.3,283.34,Critical
DENI_0480,8.62,1486.89,8944.35,2891.95,7266.23,7891.06,45.42,1649.18,Critical
DENI_0481,10.37,1562.68,6571.92,2725.33,5268.22,6531.82,47.6,1285.05,Critical
DENI_0482,8.98,3833.35,16171.71,7051.73,3701.48,3964.6,28.35,1968.48,Critical
DENI_0483,8.12,1317.08,5387.76,1574.81,5020.56,6522.15,44.51,2221.36,Critical
DENI_0484,10.34,1681.87,4782.46,1585.16,7235.53,8246.88,32.72,1004.79,Critical
DENI_0485,9.27,3201.53,23841.94,3529.25,7588.36,7745.32,42.93,2332.61,Critical
DENI_0486,9.19,1863.11,6845.35,3361.77,4005.82,4109.69,31.85,2245.86,Critical
DENI_0487,10.41,1957.4,3624.06,2963.24,6637.14,6486.71,45.75,2442.0,Critical
DENI_0488,9.39,2131.46,4785.08,2461.27,5478.39,5210.47,29.34,706.5,Critical
DENI_0489,8.49,2084.08,6610.02,2521.43,5246.81,5302.5,44.68,1242.96,Critical
DENI_0490,10.47,1879.23,6897.49,1125.91,6440.03,7893.63,46.85,2493.57,Critical
DENI_0491,8.71,2150.74,5704.31,2409.54,4208.54,5168.4,46.19,1179.19,Critical
DENI_0492,8.7,1281.67,7102.59,1780.58,7592.92,8621.81,40.91,1442.57,Critical
DENI_0493,8.11,2863.84,6767.62,3485.15,5918.1,6835.73,29.12,1616.17,Critical
DENI_0494,9.91,2557.03,7620.67,1565.71,7889.29,10237.07,29.51,2347.47,Critical
DENI_0495,8.72,2378.57,5028.67,3419.39,3956.77,4150.15,36.56,882.46,Critical
DENI_0496,9.61,1262.11,7299.97,3451.48,7120.51,8758.29,35.19,879.73,Critical
DENI_0497,9.29,1091.45,8672.15,1359.46,7563.56,6366.94,44.45,464.71,Critical
DENI_0498,8.1,2438.98,4681.59,2786.24,5997.88,5124.61,46.64,1185.55,Critical
DENI_0499,9.84,2002.04,6626.17,1756.93,4401.62,4715.39,36.8,1036.27,Critical
DENI_0500,9.68,2381.01,3275.52,1846.86,5352.94,4541.68,32.72,223.94,Critical
