Sample_ID,pH,BOD (mg/L),COD (mg/L),TSS (mg/L),TDS (mg/L),Oil & Grease (mg/L),Ammonia (mg/L),Conductivity (uS/cm),Temperature (°C),Status
DAIR_0001,7.59,1694.78,6918.58,1021.97,4135.1,679.34,110.76,5135.94,25.43,Critical
DAIR_0002,6.93,2359.05,3849.17,1168.88,2447.71,937.79,67.8,2079.32,28.41,Critical
DAIR_0003,7.43,2784.93,4813.18,1031.7,1898.92,1006.74,51.78,1663.75,27.44,Critical
DAIR_0004,7.64,1607.79,4503.81,1113.36,2739.12,1126.69,58.85,3418.34,26.33,Critical
DAIR_0005,6.88,3808.35,6205.25,1802.88,3829.06,257.54,31.61,3211.42,30.13,Critical
DAIR_0006,6.26,2619.64,4422.11,1263.08,4302.82,490.51,24.78,5270.05,33.97,Critical
DAIR_0007,6.25,3992.7,4722.2,1899.38,2306.42,668.53,94.25,1946.11,27.26,Critical
DAIR_0008,7.0,1517.36,4426.44,1804.63,1819.58,243.36,101.93,2102.76,32.25,Critical
DAIR_0009,6.59,3046.87,6313.76,1374.61,3780.13,1031.69,67.8,4385.67,35.29,Critical
DAIR_0010,7.39,1894.56,3401.74,1531.79,1927.85,698.01,62.28,2264.63,24.22,Critical
DAIR_0011,7.53,3449.19,3952.3,1831.31,3052.94,304.37,112.73,2665.23,33.02,Critical
DAIR_0012,7.69,2181.31,5693.18,1086.78,4808.31,867.8,93.69,6029.28,25.59,Critical
DAIR_0013,6.83,1528.94,4129.32,1718.39,2390.2,436.68,22.85,2568.71,28.34,Critical
DAIR_0014,6.33,3664.25,3629.14,1031.77,3791.24,124.87,116.19,4734.53,25.93,Critical
DAIR_0015,7.3,3896.86,4977.11,1920.42,3242.13,710.17,70.2,3947.5,25.96,Critical
DAIR_0016,6.14,2601.39,4204.71,1798.38,3845.53,969.05,27.94,4341.83,27.54,Critical
DAIR_0017,6.64,2976.76,4994.96,1727.56,3148.54,420.42,67.31,3721.36,36.43,Critical
DAIR_0018,6.4,5415.23,11506.69,1315.29,3895.38,1198.07,107.17,3560.59,38.95,Critical
DAIR_0019,7.42,2313.0,4441.35,996.69,4788.51,786.18,49.43,5607.98,29.06,Critical
DAIR_0020,6.07,3176.96,3513.2,751.52,4289.73,126.03,55.01,5460.28,26.92,Critical
DAIR_0021,7.43,1665.52,6099.03,1771.93,4552.03,1195.81,87.18,4107.99,25.4,Critical
DAIR_0022,7.29,2060.64,5306.67,1726.48,2732.74,761.36,118.41,2436.05,36.74,Critical
DAIR_0023,7.53,2493.59,6783.18,1438.92,3702.81,571.96,48.79,3670.94,35.39,Critical
DAIR_0024,7.75,2336.87,5870.11,1792.96,4594.92,706.19,109.96,5463.04,35.0,Critical
DAIR_0025,6.62,3657.95,6383.91,807.39,4566.88,149.79,62.57,5055.07,33.77,Critical
DAIR_0026,6.93,2845.24,6158.51,1958.14,1860.15,282.97,94.35,2351.0,25.31,Critical
DAIR_0027,6.98,1679.19,6744.94,1968.06,3245.28,674.76,112.92,3958.77,32.48,Critical
DAIR_0028,6.15,2665.64,3665.34,1738.86,1861.21,1163.28,62.82,1662.15,30.74,Critical
DAIR_0029,6.48,1650.44,4429.88,902.14,3185.5,603.51,21.38,3935.04,35.25,Critical
DAIR_0030,6.36,2296.46,5057.64,845.54,4466.22,989.82,23.7,4213.16,28.5,Critical
DAIR_0031,7.33,2229.46,6968.28,1159.24,3690.01,1098.14,75.22,3653.98,36.99,Critical
DAIR_0032,6.77,2336.98,5790.29,860.15,2883.01,275.75,51.08,2362.4,38.72,Critical
DAIR_0033,6.51,3242.72,4223.46,1527.11,4199.66,579.56,46.28,5179.56,39.41,Critical
DAIR_0034,6.35,3226.44,3282.33,851.38,4104.1,770.98,95.49,3748.08,25.16,Critical
DAIR_0035,7.52,1892.85,4699.11,1124.73,2227.43,499.68,71.75,2707.99,31.74,Critical
DAIR_0036,6.07,1697.72,5554.4,1367.74,1795.7,199.63,100.03,1466.11,33.79,Critical
DAIR_0037,6.28,2893.74,5632.65,1784.7,1574.6,326.0,101.08,1375.24,27.06,Critical
DAIR_0038,7.37,3321.57,4945.46,758.08,3760.48,1089.0,47.4,4311.58,27.49,Critical
DAIR_0039,6.47,2489.7,4862.9,1098.38,3552.81,1060.21,105.84,4280.15,36.37,Critical
DAIR_0040,6.38,2550.88,3994.87,1217.31,1767.68,176.77,51.39,2224.03,33.38,Critical
DAIR_0041,7.73,3748.2,3835.81,1196.05,3680.02,675.18,85.73,4410.5,34.14,Critical
DAIR_0042,6.11,3495.9,4030.34,802.12,3410.88,973.28,83.81,3055.19,27.52,Critical
DAIR_0043,7.79,3736.3,5426.93,1337.66,3713.39,373.56,74.22,4424.43,28.51,Critical
DAIR_0044,7.36,3085.22,3380.07,1641.55,3828.16,1053.67,25.53,4138.13,25.72,Critical
DAIR_0045,6.91,2782.17,4467.54,989.63,2526.71,798.4,47.19,2954.51,32.18,Critical
DAIR_0046,6.73,2750.97,5972.48,1788.02,2657.83,448.91,20.34,2838.79,38.83,Critical
DAIR_0047,6.51,2639.76,5244.08,1902.85,1813.08,297.13,70.37,1979.39,26.72,Critical
DAIR_0048,7.51,3973.15,4975.68,1761.99,1918.76,145.56,25.8,2428.28,24.88,Critical
DAIR_0049,6.56,3819.39,4313.11,1449.79,4088.35,1054.42,98.1,3338.57,25.23,Critical
DAIR_0050,7.46,3384.41,4536.53,796.8,4352.51,1128.5,102.3,4408.05,37.9,Critical
DAIR_0051,6.26,3945.15,4158.49,1189.2,2151.79,241.69,50.99,2533.53,25.97,Critical
DAIR_0052,7.73,3006.47,4249.21,1537.36,4719.09,237.85,88.14,4345.15,32.29,Critical
DAIR_0053,6.25,3330.88,5388.28,1921.66,4141.13,757.72,20.32,3554.36,38.28,Critical
DAIR_0054,6.98,3766.96,3769.84,1111.85,3055.44,1033.29,44.49,2617.55,39.3,Critical
DAIR_0055,7.48,1510.71,3374.53,1345.72,1819.97,184.3,24.46,1908.31,33.03,Critical
DAIR_0056,6.52,4278.52,7490.67,2027.34,1657.23,668.97,105.55,1636.64,36.84,Critical
DAIR_0057,6.45,3688.33,4180.75,1255.69,3220.28,759.46,68.69,3786.53,26.41,Critical
DAIR_0058,6.67,2834.96,5593.51,1071.11,2252.4,745.34,59.23,2491.72,27.41,Critical
DAIR_0059,6.98,3045.51,3795.76,879.22,2248.66,620.64,99.0,2732.05,34.94,Critical
DAIR_0060,7.1,1661.46,6543.54,921.94,3694.08,561.94,87.26,3667.65,31.14,Critical
DAIR_0061,6.45,2230.81,4525.31,840.52,1938.78,735.46,31.94,2408.62,28.74,Critical
DAIR_0062,6.55,3021.92,5985.77,1569.54,1629.81,162.02,89.13,1548.77,24.41,Critical
DAIR_0063,6.63,1688.48,3534.3,1642.03,4701.33,530.95,48.11,5839.04,28.25,Critical
DAIR_0064,7.32,1586.44,4590.06,1797.92,1704.14,855.41,52.54,1604.71,28.76,Critical
DAIR_0065,7.78,1611.9,3223.31,850.36,1788.83,1105.64,113.24,2258.91,38.62,Critical
DAIR_0066,7.29,2483.4,6529.59,1596.48,3625.76,847.76,49.11,3955.08,36.92,Critical
DAIR_0067,6.39,1945.51,3223.01,903.28,2399.45,1017.1,33.97,2196.46,35.8,Critical
DAIR_0068,7.54,3410.38,6061.26,925.96,2389.94,207.49,36.32,2755.44,25.6,Critical
DAIR_0069,6.25,2180.45,5071.62,1769.21,3054.15,1080.77,31.52,3936.82,30.18,Critical
DAIR_0070,7.18,2250.92,5394.33,1567.78,2628.49,989.53,112.91,2441.66,36.94,Critical
DAIR_0071,6.69,3961.97,6034.76,1797.3,3455.11,688.14,89.07,3907.88,31.98,Critical
DAIR_0072,6.74,1997.42,4393.71,949.91,2798.53,1003.15,99.15,3080.44,29.88,Critical
DAIR_0073,7.46,1921.51,4633.61,1323.27,2243.04,541.48,92.32,2727.79,37.75,Critical
DAIR_0074,7.14,2058.21,3082.1,1410.23,2308.75,667.61,88.63,2947.09,34.61,Critical
DAIR_0075,7.69,3752.0,3044.28,1056.77,3284.51,927.32,72.51,3505.08,24.3,Critical
DAIR_0076,6.17,3717.83,6183.02,1450.07,3593.39,1134.06,118.31,4391.88,29.05,Critical
DAIR_0077,7.76,3229.49,3446.76,892.28,1913.92,418.99,49.34,2448.51,31.11,Critical
DAIR_0078,7.33,3858.87,5859.77,1931.3,3691.96,218.57,22.67,3259.94,31.54,Critical
DAIR_0079,7.66,3585.51,6778.07,1256.72,2893.38,541.75,119.41,3475.23,27.82,Critical
DAIR_0080,6.62,3289.94,4086.6,1938.98,4000.01,729.59,97.49,5125.99,32.37,Critical
DAIR_0081,6.35,3460.18,4707.04,1456.83,3050.66,335.37,65.38,2581.11,39.78,Critical
DAIR_0082,6.72,3721.38,3519.13,1860.35,3644.3,516.81,55.2,4612.34,25.71,Critical
DAIR_0083,6.63,3065.68,3335.33,1855.79,2687.73,166.31,59.09,2198.54,27.88,Critical
DAIR_0084,7.08,1984.75,3719.58,1782.74,4645.09,803.29,86.82,5115.93,36.88,Critical
DAIR_0085,6.94,3567.73,3505.9,852.53,2904.23,997.16,74.49,2875.28,29.36,Critical
DAIR_0086,7.09,3176.31,4464.79,1139.91,3967.23,442.46,92.97,4855.42,39.63,Critical
DAIR_0087,6.12,3469.79,4603.34,1741.09,3366.5,749.0,46.81,3239.77,38.91,Critical
DAIR_0088,6.88,3307.27,3799.16,1701.42,1567.9,489.64,69.94,1791.19,25.81,Critical
DAIR_0089,7.71,1630.75,6252.7,984.92,3607.16,774.96,46.33,3275.09,31.11,Critical
DAIR_0090,6.21,3551.6,5023.33,1020.46,4111.15,992.38,23.37,4960.94,31.83,Critical
DAIR_0091,6.75,1830.96,3333.41,886.53,4714.6,529.5,32.01,4153.85,31.32,Critical
DAIR_0092,7.26,1763.38,4293.42,1663.58,4710.66,864.75,118.06,5229.25,25.69,Critical
DAIR_0093,7.76,2597.74,5063.33,1451.7,1978.92,1099.27,69.14,2058.04,31.7,Critical
DAIR_0094,7.38,2516.19,4049.12,1790.4,4200.0,1110.41,53.81,3712.51,26.71,Critical
DAIR_0095,7.49,8722.86,12515.36,1236.22,4675.88,216.96,118.61,5018.42,33.71,Critical
DAIR_0096,6.24,3774.21,5008.79,1589.35,2895.45,825.87,59.49,3541.88,38.71,Critical
DAIR_0097,6.1,2219.56,6105.5,1851.8,3108.26,853.09,94.19,2607.0,28.91,Critical
DAIR_0098,7.46,2877.79,3704.36,1770.63,1880.7,948.86,40.97,1905.39,37.79,Critical
DAIR_0099,6.73,2193.61,5707.02,1733.05,1726.6,847.18,72.66,1758.17,35.95,Critical
DAIR_0100,7.51,3639.76,4919.7,1819.79,3942.32,212.52,119.48,3401.45,37.83,Critical
DAIR_0101,7.27,2593.05,4314.36,1939.77,2458.34,807.75,39.2,3192.41,28.89,Critical
DAIR_0102,7.22,2417.36,3184.51,812.06,2103.62,1148.85,37.11,1814.48,39.34,Critical
DAIR_0103,6.98,3603.55,5517.36,1996.15,3815.29,1099.23,63.79,4398.92,28.59,Critical
DAIR_0104,6.76,2811.4,4079.43,1028.91,3651.73,143.16,38.64,3030.73,37.03,Critical
DAIR_0105,6.56,2357.28,3414.91,886.6,3375.63,333.91,110.58,2984.74,31.41,Critical
DAIR_0106,6.86,2250.58,4993.99,1559.54,3600.4,971.6,48.66,3043.54,24.44,Critical
DAIR_0107,7.8,2920.99,4383.43,1163.4,4940.44,766.33,79.7,5558.04,39.08,Critical
DAIR_0108,7.17,3292.66,5049.85,1763.61,4761.52,1061.37,61.32,5919.21,39.94,Critical
DAIR_0109,7.72,2377.78,5565.6,1044.45,4007.16,802.24,110.34,4464.48,24.96,Critical
DAIR_0110,6.08,2777.28,4325.11,1126.4,4975.0,131.08,25.01,5588.75,25.42,Critical
DAIR_0111,7.25,3197.7,6278.79,912.63,3612.99,796.7,36.83,4317.27,39.48,Critical
DAIR_0112,7.36,2508.63,4799.92,1082.96,3177.85,955.64,49.94,3520.14,34.07,Critical
DAIR_0113,7.23,1733.69,3585.07,773.11,4158.36,1142.62,79.34,5130.85,28.68,Critical
DAIR_0114,7.32,3468.32,6641.83,1941.49,1539.87,749.9,63.14,1353.71,30.87,Critical
DAIR_0115,6.29,3626.85,3704.59,801.24,3429.26,1005.48,51.98,2949.41,29.13,Critical
DAIR_0116,7.04,2568.91,4790.48,1419.81,3215.44,299.81,59.27,3903.91,25.4,Critical
DAIR_0117,7.72,3058.45,6182.22,1126.39,1872.68,185.75,75.99,1954.64,31.75,Critical
DAIR_0118,7.69,1948.88,3820.72,782.77,4069.17,1024.13,109.67,3273.5,29.92,Critical
DAIR_0119,7.54,3028.8,4933.89,773.54,3905.27,791.23,83.82,4798.08,26.63,Critical
DAIR_0120,6.0,2833.65,6103.04,1420.71,4512.42,671.18,91.14,5690.91,26.59,Critical
DAIR_0121,7.46,2056.65,3223.76,1277.93,3464.03,322.06,116.92,4064.67,30.34,Critical
DAIR_0122,7.72,3669.66,5250.68,1526.94,4713.32,222.17,103.69,5753.49,39.68,Critical
DAIR_0123,6.6,3304.87,5699.52,1385.75,3629.86,485.69,93.08,3910.18,36.02,Critical
DAIR_0124,6.29,3977.52,3841.0,1532.01,3866.68,1144.03,20.02,4251.32,26.91,Critical
DAIR_0125,7.3,1996.78,6956.69,1015.57,2818.36,1171.14,78.5,3090.73,24.96,Critical
DAIR_0126,6.47,2004.15,6761.56,1840.08,1679.66,634.58,118.7,1644.65,35.82,Critical
DAIR_0127,7.75,5946.18,17155.17,3111.35,2422.24,705.2,92.72,2544.22,28.66,Critical
DAIR_0128,6.71,3181.54,6737.35,787.04,1507.13,797.15,73.2,1535.77,25.9,Critical
DAIR_0129,6.57,3447.08,6116.8,1336.67,2371.18,416.03,81.72,2847.5,25.75,Critical
DAIR_0130,6.74,2328.4,5356.94,867.54,2427.0,1145.28,40.58,2699.39,32.56,Critical
DAIR_0131,6.59,3069.98,3191.36,1917.62,3065.78,1043.47,34.59,3742.43,29.47,Critical
DAIR_0132,6.69,3188.11,5103.31,1576.31,3730.4,847.14,79.2,3479.87,24.12,Critical
DAIR_0133,7.76,2702.27,4926.07,1989.95,2236.75,407.91,39.05,1819.3,39.34,Critical
DAIR_0134,7.73,1506.49,4639.78,941.31,2929.23,808.94,82.91,3181.82,39.83,Critical
DAIR_0135,6.51,2655.77,6914.28,1161.0,1696.89,241.15,117.1,1886.82,25.1,Critical
DAIR_0136,6.07,1978.37,6353.39,1597.61,1811.91,873.67,31.72,1939.42,37.27,Critical
DAIR_0137,6.6,2012.6,3880.56,1382.9,3511.48,710.04,35.23,2926.55,32.71,Critical
DAIR_0138,6.18,2262.66,5729.45,830.08,4871.16,906.41,59.54,4028.72,39.0,Critical
DAIR_0139,6.76,2654.92,5247.33,1156.91,1769.22,991.17,72.6,2045.91,30.06,Critical
DAIR_0140,7.79,3230.27,6431.86,947.43,3052.52,401.73,92.44,3630.05,32.02,Critical
DAIR_0141,6.1,2539.18,6184.87,1210.02,4953.86,736.59,40.92,4623.89,35.71,Critical
DAIR_0142,7.51,2700.64,5173.51,1103.93,3652.42,411.08,86.59,3917.6,27.29,Critical
DAIR_0143,6.63,2930.99,20504.13,1867.38,4022.35,778.4,60.46,3247.91,24.56,Critical
DAIR_0144,6.73,2801.23,5503.23,1925.66,4127.7,1177.72,98.0,4074.96,33.63,Critical
DAIR_0145,6.81,1686.93,5285.37,1549.79,3256.64,441.77,55.94,3631.1,36.55,Critical
DAIR_0146,7.72,1789.83,4507.19,1300.07,2708.67,265.36,91.06,3164.64,40.0,Critical
DAIR_0147,7.41,2779.75,5836.59,930.38,2095.34,848.78,92.91,2018.68,39.43,Critical
DAIR_0148,6.26,3260.78,6967.78,1196.33,4769.74,489.09,108.71,4723.83,31.88,Critical
DAIR_0149,7.16,2120.27,5658.77,1328.17,2237.75,433.22,100.15,2127.51,27.59,Critical
DAIR_0150,7.25,3640.57,5345.63,1671.49,2881.76,542.75,109.31,2569.89,38.71,Critical
DAIR_0151,6.92,1846.13,3278.44,1599.29,4641.19,1175.67,36.41,5083.95,34.75,Critical
DAIR_0152,7.66,3142.42,4333.45,1858.84,2262.62,538.83,54.73,2860.41,34.61,Critical
DAIR_0153,6.61,2468.27,3654.09,1601.57,2726.55,1181.3,40.4,3137.82,32.32,Critical
DAIR_0154,6.23,3346.12,6304.97,917.92,1545.46,507.05,103.71,1642.92,27.08,Critical
DAIR_0155,6.63,2693.77,5234.78,1812.58,2605.19,537.89,24.14,2623.65,32.65,Critical
DAIR_0156,6.73,2028.5,5010.66,929.89,3797.09,716.7,98.51,3856.63,39.82,Critical
DAIR_0157,6.61,2808.49,5463.17,1131.89,2806.05,987.32,50.56,2995.18,36.39,Critical
DAIR_0158,7.34,3344.43,4329.32,1882.37,1906.01,435.18,115.67,2072.2,35.42,Critical
DAIR_0159,7.8,3618.09,3844.26,1037.22,1919.34,423.91,61.62,2072.57,38.96,Critical
DAIR_0160,6.57,2904.48,4508.75,1047.12,4641.97,1119.69,51.67,5305.93,31.4,Critical
DAIR_0161,6.52,8344.59,11343.64,4035.37,2450.29,998.8,31.02,2007.6,37.96,Critical
DAIR_0162,6.89,1509.02,5701.47,720.68,2233.3,1066.72,55.86,2007.01,38.45,Critical
DAIR_0163,6.65,3436.26,4366.48,1570.47,3724.23,1061.87,51.6,3781.28,29.17,Critical
DAIR_0164,7.39,3101.73,4158.63,734.56,2208.4,792.41,104.79,2281.32,30.74,Critical
DAIR_0165,6.96,3097.19,6514.03,1713.78,4885.38,104.27,67.39,4009.84,34.5,Critical
DAIR_0166,6.76,3542.7,5034.95,1572.52,3384.4,690.33,79.28,4002.36,32.7,Critical
DAIR_0167,6.49,2850.69,4978.69,815.6,3148.4,684.31,63.76,3322.15,24.86,Critical
DAIR_0168,6.33,1918.52,3941.74,1210.31,4434.99,1136.52,77.77,4423.15,31.48,Critical
DAIR_0169,7.12,3150.52,5754.45,1118.48,1596.45,146.77,22.3,1988.36,29.61,Critical
DAIR_0170,6.95,3783.92,4765.68,1358.74,3770.57,752.88,80.52,3764.46,29.43,Critical
DAIR_0171,6.87,2581.11,5936.83,1503.2,2823.44,1013.62,84.0,2910.91,34.31,Critical
DAIR_0172,7.27,3038.99,4213.5,805.96,3350.08,185.27,24.62,3567.41,35.16,Critical
DAIR_0173,6.56,1696.64,5140.99,1692.67,3338.34,345.25,46.15,3306.75,34.25,Critical
DAIR_0174,7.28,3177.86,6914.73,728.46,3999.14,604.32,109.84,4682.2,39.0,Critical
DAIR_0175,6.37,1966.38,4559.3,1075.22,2965.55,283.43,30.56,3586.24,26.57,Critical
DAIR_0176,6.39,1877.73,4937.35,1453.94,3854.38,435.73,34.52,4715.63,29.24,Critical
DAIR_0177,6.83,3030.38,3255.98,1218.84,4385.96,914.3,74.83,5698.98,24.24,Critical
DAIR_0178,7.0,3661.82,5850.06,1628.97,3493.99,861.36,47.71,3806.47,34.49,Critical
DAIR_0179,6.57,2887.39,5252.91,1692.15,2338.27,106.96,49.77,2192.37,39.98,Critical
DAIR_0180,6.66,2378.85,3927.69,898.12,3712.89,301.82,49.47,4714.73,28.0,Critical
DAIR_0181,6.21,2443.09,6896.22,1320.25,4163.26,185.54,49.9,5375.86,37.7,Critical
DAIR_0182,6.89,6309.82,12659.61,2045.42,3644.12,409.21,36.28,4037.32,30.46,Critical
DAIR_0183,7.17,3766.25,4212.11,1930.87,3718.12,342.57,97.03,3610.87,35.76,Critical
DAIR_0184,6.08,2794.19,4829.49,1131.15,4750.92,1034.06,60.49,4810.69,34.43,Critical
DAIR_0185,7.6,3872.8,4034.46,1498.21,4208.3,108.49,83.25,5367.49,27.64,Critical
DAIR_0186,7.7,2190.55,3661.6,1360.44,3741.74,1021.0,77.26,3341.66,31.78,Critical
DAIR_0187,6.96,3380.15,5998.87,1711.08,2716.24,602.21,102.24,3431.19,33.05,Critical
DAIR_0188,6.15,3823.24,3358.71,1499.15,2049.91,176.65,36.85,1931.84,35.1,Critical
DAIR_0189,7.13,3048.19,3699.84,1027.38,3412.64,142.41,52.16,2785.42,32.26,Critical
DAIR_0190,6.78,3200.36,4818.09,1247.63,4372.27,828.69,83.18,3753.76,26.6,Critical
DAIR_0191,7.51,2952.8,6980.04,749.98,2046.58,614.94,117.26,2151.51,29.45,Critical
DAIR_0192,7.29,4621.91,9053.43,2821.88,2041.85,216.54,103.95,2168.7,30.13,Critical
DAIR_0193,6.5,3067.42,3415.09,1383.24,2037.23,783.13,39.15,2131.65,37.19,Critical
DAIR_0194,7.09,2000.55,4800.49,1848.27,2838.93,969.43,91.91,3375.56,36.69,Critical
DAIR_0195,6.13,3235.46,6517.72,1823.16,1655.91,273.3,47.77,1582.93,28.11,Critical
DAIR_0196,7.19,7696.37,9867.49,2783.83,3699.64,561.08,80.11,3686.59,33.9,Critical
DAIR_0197,7.01,3147.59,4610.15,1858.66,4850.93,247.34,106.33,5703.84,29.75,Critical
DAIR_0198,7.47,2195.22,4625.47,993.11,3040.7,437.38,83.07,2858.34,39.76,Critical
DAIR_0199,6.87,2248.99,5573.75,1954.71,4805.67,305.57,107.93,5737.88,24.47,Critical
DAIR_0200,6.73,2130.8,4454.66,1485.84,3454.27,948.34,76.96,3149.4,34.32,Critical
DAIR_0201,7.42,2456.39,3771.46,1730.63,4169.21,250.89,119.63,4956.32,33.87,Critical
DAIR_0202,6.03,3027.07,4309.09,1313.77,4123.87,659.81,59.7,4877.96,37.23,Critical
DAIR_0203,6.18,1900.03,4646.99,1540.75,3838.94,230.49,28.1,3420.09,32.11,Critical
DAIR_0204,6.64,1560.53,4523.98,1110.34,2966.24,923.22,80.84,2918.56,30.03,Critical
DAIR_0205,7.11,4079.65,15611.87,1578.82,4371.56,1097.57,111.6,5328.35,39.66,Critical
DAIR_0206,7.19,2675.51,5097.74,1426.88,4740.7,272.13,103.92,5150.7,28.12,Critical
DAIR_0207,6.78,2640.53,3201.29,1196.18,2787.82,1083.31,64.0,2365.45,29.55,Critical
DAIR_0208,7.25,3819.98,3783.62,1478.43,3801.07,506.78,70.89,3942.2,28.19,Critical
DAIR_0209,6.84,3748.17,6678.53,1779.13,3022.8,393.06,62.36,3645.84,26.62,Critical
DAIR_0210,6.94,2559.46,5060.13,1586.39,4959.53,1177.0,101.26,5771.01,30.98,Critical
DAIR_0211,6.25,2772.94,5482.84,943.83,4949.59,292.25,111.2,6067.39,35.9,Critical
DAIR_0212,7.42,3138.58,6886.01,1538.51,2256.46,1161.7,59.7,2185.28,30.77,Critical
DAIR_0213,6.64,2551.87,5997.05,1619.31,2585.57,479.55,56.45,2434.07,32.0,Critical
DAIR_0214,6.73,3755.15,3105.31,1914.4,1614.18,152.4,100.08,1839.15,25.45,Critical
DAIR_0215,7.19,2445.21,3270.16,1416.53,3475.02,863.11,28.65,4506.97,26.28,Critical
DAIR_0216,6.41,1666.9,6209.81,1297.14,3120.8,662.98,40.88,2600.09,29.34,Critical
DAIR_0217,7.51,3033.13,5561.6,1281.12,1636.75,597.92,111.34,1654.99,34.7,Critical
DAIR_0218,6.12,2354.46,6862.93,1491.53,4700.35,976.37,58.22,4456.98,24.07,Critical
DAIR_0219,6.22,1891.22,6313.67,835.19,4816.82,1191.88,100.55,5778.02,38.61,Critical
DAIR_0220,7.28,3797.72,6604.79,1592.56,1883.27,440.13,110.27,2329.47,36.77,Critical
DAIR_0221,7.48,3189.06,3824.55,986.84,4213.56,251.17,53.65,4668.15,31.47,Critical
DAIR_0222,7.74,1700.4,3731.79,970.88,3738.68,1025.3,24.45,3265.12,27.39,Critical
DAIR_0223,7.38,2558.31,4826.67,964.17,2396.68,263.83,77.54,2332.09,34.8,Critical
DAIR_0224,7.21,3606.89,5498.87,751.47,1709.03,970.74,57.55,2072.37,35.44,Critical
DAIR_0225,6.26,2480.82,4688.54,1827.78,3764.84,156.33,67.97,3977.47,36.51,Critical
DAIR_0226,7.11,3209.26,5771.15,1924.99,2829.8,1039.87,81.75,3004.63,24.14,Critical
DAIR_0227,6.77,1818.95,3611.04,1965.11,2464.85,206.26,105.43,2740.24,26.41,Critical
DAIR_0228,7.0,2113.96,4425.42,756.13,2905.69,1199.53,101.37,3324.32,25.89,Critical
DAIR_0229,7.59,2647.85,3767.7,729.42,1570.4,235.68,83.16,1442.03,39.36,Critical
DAIR_0230,6.58,2864.11,5389.34,986.3,2485.89,234.63,50.71,2117.12,34.0,Critical
DAIR_0231,7.7,3591.16,4306.87,1791.12,4010.89,721.74,79.61,3631.25,34.3,Critical
DAIR_0232,6.21,1858.37,3895.3,1648.57,3043.77,572.33,58.99,3897.49,29.17,Critical
DAIR_0233,7.2,2539.27,4357.71,1215.78,2636.96,150.98,84.6,3261.71,33.32,Critical
DAIR_0234,7.62,2483.76,3312.27,758.0,2282.9,571.57,25.29,2907.42,25.05,Critical
DAIR_0235,7.08,1874.08,5867.29,854.55,1922.19,609.78,45.03,1964.77,38.15,Critical
DAIR_0236,7.49,2975.59,4018.0,794.52,1726.12,565.41,66.18,1665.28,34.05,Critical
DAIR_0237,7.68,3025.76,5509.7,1506.0,2529.74,918.25,41.1,2507.08,33.1,Critical
DAIR_0238,6.1,3824.28,6288.84,1397.73,2577.29,687.55,65.19,2554.55,31.62,Critical
DAIR_0239,6.6,2359.8,6777.1,1878.36,3772.4,1157.63,109.1,3430.68,24.73,Critical
DAIR_0240,6.6,2520.4,4213.23,1626.8,4271.23,1102.13,45.87,5517.75,36.57,Critical
DAIR_0241,6.84,1577.71,6862.38,1210.93,2695.09,119.84,25.2,2398.3,25.75,Critical
DAIR_0242,6.74,3353.91,5295.24,1261.15,3270.84,672.0,58.11,3092.81,25.74,Critical
DAIR_0243,7.63,3196.62,4711.64,1544.91,1565.64,1121.99,40.92,1669.97,30.2,Critical
DAIR_0244,7.47,1834.08,5412.19,896.89,2269.26,102.42,88.04,2212.07,28.64,Critical
DAIR_0245,6.88,3431.66,5967.36,1189.1,3402.03,799.19,57.11,4275.11,29.84,Critical
DAIR_0246,7.21,3488.46,5016.85,1595.69,3608.96,477.85,42.81,4675.24,37.31,Critical
DAIR_0247,6.09,2996.77,5334.76,1489.77,2262.62,878.12,84.88,1970.34,37.85,Critical
DAIR_0248,7.63,2092.44,4226.33,1906.19,2558.26,1020.19,24.49,2732.02,30.03,Critical
DAIR_0249,6.76,3254.84,3088.09,1883.25,4724.99,1051.31,45.16,4095.57,36.6,Critical
DAIR_0250,7.69,3094.8,3654.18,1784.3,3506.42,1177.08,36.25,3644.33,31.45,Critical
DAIR_0251,7.48,2774.8,3681.69,1083.99,2980.74,408.43,59.16,3862.77,38.16,Critical
DAIR_0252,7.01,3296.54,5516.06,1613.61,4814.34,1136.53,49.32,5650.56,30.5,Critical
DAIR_0253,7.51,1656.36,5781.92,1045.68,2238.42,815.76,20.03,1963.26,37.34,Critical
DAIR_0254,6.45,2296.87,3181.42,1738.96,1640.39,581.21,103.48,1516.47,30.21,Critical
DAIR_0255,7.47,3816.49,5065.02,752.82,3656.71,105.69,59.45,3093.01,29.95,Critical
DAIR_0256,7.65,2592.21,5745.65,940.88,2719.89,211.78,47.73,2840.86,27.92,Critical
DAIR_0257,6.98,3133.31,4102.21,1904.97,2928.5,629.7,80.15,3502.66,26.36,Critical
DAIR_0258,7.4,3132.58,5588.05,886.9,4993.51,1150.18,63.24,6279.93,38.71,Critical
DAIR_0259,7.76,2231.01,6198.1,1523.85,4425.83,1120.08,41.5,3909.55,30.59,Critical
DAIR_0260,7.25,3264.57,6758.72,1334.8,3774.55,284.63,22.81,3308.14,37.47,Critical
DAIR_0261,7.03,3551.34,6952.33,1821.97,3340.79,117.49,41.98,2837.1,35.44,Critical
DAIR_0262,7.47,2697.27,3524.99,1082.18,1532.35,102.22,25.33,1373.41,34.01,Critical
DAIR_0263,6.45,3624.91,3503.27,1284.31,2469.89,389.87,69.65,2246.24,26.63,Critical
DAIR_0264,7.57,2430.39,3974.54,1172.99,4793.14,1146.0,69.47,4193.3,35.95,Critical
DAIR_0265,7.0,1541.02,3083.18,1926.92,3541.47,1004.44,27.45,3688.83,37.54,Critical
DAIR_0266,7.62,1710.76,5298.23,1014.78,4067.79,1047.61,39.25,4857.61,35.92,Critical
DAIR_0267,7.41,2424.47,6259.04,1674.58,4564.62,315.45,27.23,4019.0,29.06,Critical
DAIR_0268,7.51,5594.14,12845.25,2061.81,3975.24,835.52,54.94,4014.82,25.87,Critical
DAIR_0269,6.11,2151.34,6084.12,1826.59,4325.89,866.91,27.7,3824.68,27.51,Critical
DAIR_0270,6.9,2688.84,6080.88,1587.13,3712.56,748.54,101.39,4639.45,29.59,Critical
DAIR_0271,6.55,6367.96,14162.51,2553.1,1722.42,479.35,44.12,2115.97,36.81,Critical
DAIR_0272,6.2,3081.63,4383.36,1191.49,4094.21,939.63,44.49,4222.47,27.71,Critical
DAIR_0273,6.65,2185.85,6932.93,1742.12,4890.82,160.29,60.08,5356.19,29.94,Critical
DAIR_0274,6.81,3480.83,5066.67,915.15,4659.78,525.11,116.73,4373.36,33.07,Critical
DAIR_0275,7.3,1520.1,6478.22,788.83,2104.63,481.51,102.45,1844.85,36.7,Critical
DAIR_0276,6.07,1502.06,6623.16,773.87,4860.03,803.5,45.36,5515.07,26.23,Critical
DAIR_0277,7.77,1917.6,3778.27,1952.99,4796.46,835.18,119.23,5053.55,28.7,Critical
DAIR_0278,7.71,3408.75,6518.31,1419.39,2504.09,495.91,96.07,2651.35,24.3,Critical
DAIR_0279,6.64,3739.98,10853.48,1668.56,1972.4,1137.68,34.7,1778.43,39.32,Critical
DAIR_0280,6.08,1892.23,4488.41,908.93,4145.29,452.49,55.71,3742.55,27.7,Critical
DAIR_0281,6.81,1556.73,3428.52,1157.05,4952.21,314.0,65.61,4994.29,24.45,Critical
DAIR_0282,6.01,3803.81,4846.94,1196.92,2857.49,706.99,118.25,2724.75,33.16,Critical
DAIR_0283,6.43,2919.91,6939.83,1331.64,3670.97,391.04,59.55,4205.86,28.09,Critical
DAIR_0284,6.19,3469.52,3469.88,934.91,4003.72,891.65,59.43,5194.99,35.17,Critical
DAIR_0285,7.46,3076.67,5508.93,1188.89,3411.24,610.22,55.24,4187.06,24.64,Critical
DAIR_0286,6.74,1940.19,4608.33,1055.58,1943.11,1199.64,36.68,1566.05,26.57,Critical
DAIR_0287,7.18,3958.91,3859.67,1255.54,3361.53,899.43,62.14,4247.64,36.19,Critical
DAIR_0288,7.52,2178.48,6899.05,1207.91,3470.09,912.62,100.09,4196.07,35.06,Critical
DAIR_0289,6.18,2389.04,6594.46,1522.68,1602.86,401.89,105.9,1516.61,35.22,Critical
DAIR_0290,7.24,2719.17,3458.53,920.42,1590.6,425.06,118.0,1972.92,25.71,Critical
DAIR_0291,6.69,3936.52,6639.55,1303.04,1511.09,785.34,63.69,1641.13,38.49,Critical
DAIR_0292,6.42,2178.73,3327.1,822.36,4345.49,655.12,108.58,5399.52,38.51,Critical
DAIR_0293,6.9,2212.38,6015.68,766.21,4556.38,379.09,48.64,5049.6,26.53,Critical
DAIR_0294,7.75,1652.68,5755.71,928.69,3124.57,189.55,91.32,3646.91,27.86,Critical
DAIR_0295,7.04,1798.73,5394.36,951.52,2475.87,537.96,35.64,3034.3,36.12,Critical
DAIR_0296,7.2,2816.13,4280.01,1771.78,4688.45,164.94,63.26,5876.08,29.41,Critical
DAIR_0297,6.91,7041.83,13597.97,2194.3,4932.27,940.13,74.76,4522.66,35.57,Critical
DAIR_0298,6.83,2332.35,3880.34,725.74,1861.9,190.02,60.49,2109.45,29.51,Critical
DAIR_0299,6.57,3154.97,6814.4,1621.63,2096.21,251.74,88.33,2585.92,35.73,Critical
DAIR_0300,7.31,3950.63,3706.75,1822.83,4054.92,1060.71,77.1,4570.57,29.15,Critical
DAIR_0301,6.69,1638.17,4409.07,1865.28,3568.12,998.64,94.76,3162.59,32.1,Critical
DAIR_0302,6.33,3190.41,4561.55,1073.12,2136.67,395.3,100.47,2296.46,31.08,Critical
DAIR_0303,7.49,3599.85,3823.22,1062.1,1974.07,169.52,92.56,2281.05,39.43,Critical
DAIR_0304,7.2,2726.88,6781.91,929.06,3319.35,992.55,58.05,4105.93,35.0,Critical
DAIR_0305,7.41,3600.89,5428.59,1714.94,3815.91,657.01,24.96,3338.25,32.74,Critical
DAIR_0306,7.15,2969.52,3429.99,1835.62,4498.47,254.44,74.09,3657.98,29.89,Critical
DAIR_0307,7.79,3004.52,3057.55,1899.28,4494.08,379.0,25.53,5004.31,25.46,Critical
DAIR_0308,7.76,2227.75,4330.69,928.6,2684.97,1110.17,76.82,2371.93,27.43,Critical
DAIR_0309,7.02,2712.63,5263.76,1258.53,4488.26,1190.75,118.05,5512.65,26.75,Critical
DAIR_0310,6.91,1868.58,4185.95,786.8,3245.72,262.09,20.66,3834.63,27.97,Critical
DAIR_0311,6.04,2935.03,5253.85,968.12,3023.95,385.13,90.86,2478.45,27.61,Critical
DAIR_0312,6.12,3306.23,6903.44,1557.54,1716.03,725.47,50.99,2203.65,30.6,Critical
DAIR_0313,7.13,3056.29,4418.83,1843.74,2636.26,267.54,103.64,3133.07,32.7,Critical
DAIR_0314,6.18,2870.45,4225.25,1783.67,2772.75,345.33,105.84,2290.02,29.28,Critical
DAIR_0315,6.02,3394.73,5924.71,1364.99,3047.39,897.9,44.51,2706.16,31.73,Critical
DAIR_0316,7.54,1590.69,5176.51,1174.8,4501.87,884.83,59.68,3975.41,36.96,Critical
DAIR_0317,6.15,3191.29,3102.94,913.52,1647.71,327.83,53.9,1527.56,25.78,Critical
DAIR_0318,7.23,2726.01,3168.28,901.0,4805.55,812.14,93.74,4721.56,32.1,Critical
DAIR_0319,7.4,2004.17,5776.63,811.29,4439.15,242.0,43.74,4372.2,34.78,Critical
DAIR_0320,6.97,3919.09,3108.47,935.53,1698.86,744.51,69.17,1756.64,37.72,Critical
DAIR_0321,7.38,2394.16,6519.98,801.47,3792.66,1134.79,112.5,3305.0,30.23,Critical
DAIR_0322,6.74,3825.76,6672.36,1083.48,3155.15,398.41,64.1,3162.65,34.54,Critical
DAIR_0323,7.31,1680.71,6218.8,1511.29,2075.22,231.39,65.28,2184.4,24.01,Critical
DAIR_0324,6.25,3846.25,5894.2,989.92,2585.51,116.07,113.9,3343.9,28.73,Critical
DAIR_0325,7.19,3584.89,3836.43,1811.79,4143.78,181.9,70.89,5256.55,26.33,Critical
DAIR_0326,7.74,3302.04,4072.83,1207.28,4095.75,1086.28,37.2,4200.54,33.93,Critical
DAIR_0327,7.34,1906.26,5523.41,1461.19,1911.7,424.53,40.6,2087.24,29.68,Critical
DAIR_0328,7.62,1823.72,5009.87,1001.81,3556.8,674.92,46.99,4171.33,35.0,Critical
DAIR_0329,7.68,2161.92,4623.27,1821.08,2593.53,440.68,38.42,3203.88,34.22,Critical
DAIR_0330,7.35,1578.56,4344.9,1385.11,2234.78,839.78,80.24,2607.93,29.63,Critical
DAIR_0331,6.32,1633.97,6550.8,1637.15,3572.64,707.33,29.36,3672.98,24.82,Critical
DAIR_0332,6.59,2972.19,3518.91,1968.32,4508.38,130.24,100.05,4525.88,37.07,Critical
DAIR_0333,7.47,2061.0,3578.34,888.21,3808.75,977.72,49.51,4688.05,36.83,Critical
DAIR_0334,7.78,2839.64,6807.35,1810.07,1682.47,922.39,48.17,1671.95,32.36,Critical
DAIR_0335,6.96,2612.86,5040.41,1303.85,2108.21,250.8,119.9,2332.61,38.33,Critical
DAIR_0336,6.55,2470.73,6941.53,1424.03,4620.86,771.15,32.63,5168.59,29.11,Critical
DAIR_0337,7.18,1898.39,4764.28,748.8,4569.82,1083.15,95.09,5198.83,24.76,Critical
DAIR_0338,7.62,1521.62,6501.62,967.21,2029.37,745.82,49.47,2635.44,28.51,Critical
DAIR_0339,6.25,2938.53,4412.88,964.87,2916.91,580.03,36.48,3501.1,29.8,Critical
DAIR_0340,6.05,4747.73,12263.72,2826.21,2427.96,781.76,30.95,2698.14,31.56,Critical
DAIR_0341,6.73,1757.34,6222.3,1681.37,2062.89,893.5,103.47,2672.73,36.66,Critical
DAIR_0342,6.51,2928.02,4863.32,1825.51,4059.74,388.16,60.81,3407.68,37.61,Critical
DAIR_0343,6.89,2695.52,6287.52,1695.6,4886.91,1158.39,58.32,4486.64,28.28,Critical
DAIR_0344,7.06,3642.53,4954.9,1628.01,4122.18,170.68,51.35,3918.5,29.85,Critical
DAIR_0345,6.02,2370.27,3600.26,752.54,3792.12,350.54,55.86,3458.04,25.57,Critical
DAIR_0346,6.05,1771.72,6838.78,1625.47,2711.28,588.14,41.58,2409.34,32.65,Critical
DAIR_0347,7.72,3159.18,5267.14,914.83,1538.15,320.4,88.19,1262.51,37.28,Critical
DAIR_0348,7.45,3604.73,6093.16,775.67,1686.9,556.88,61.88,1922.85,31.87,Critical
DAIR_0349,6.61,3082.2,6893.76,1732.76,2869.33,614.67,74.72,3026.54,28.47,Critical
DAIR_0350,7.59,1901.79,3651.54,1498.28,2576.41,1102.64,116.6,3210.26,30.11,Critical
DAIR_0351,6.13,2315.58,5034.5,1756.44,4256.27,630.01,91.93,3814.19,24.81,Critical
DAIR_0352,6.42,3602.84,5969.61,1990.7,3121.08,807.81,68.29,2795.29,26.5,Critical
DAIR_0353,6.87,2482.08,3688.54,990.7,4966.26,616.3,21.02,4677.97,34.13,Critical
DAIR_0354,7.54,2687.97,6286.48,1213.15,4465.92,982.3,95.79,5749.11,37.86,Critical
DAIR_0355,6.97,2473.5,6152.68,1769.41,2481.34,694.07,31.02,2058.24,26.96,Critical
DAIR_0356,6.36,1579.38,6545.73,1145.63,2550.5,548.6,41.85,2371.03,38.34,Critical
DAIR_0357,7.7,2339.11,6156.48,1024.65,3423.06,1062.1,55.95,3355.17,38.66,Critical
DAIR_0358,6.55,3087.39,4350.71,728.68,4320.74,257.58,82.84,5540.0,32.55,Critical
DAIR_0359,6.26,3643.49,3436.17,1125.7,4832.47,967.46,84.99,6113.2,24.94,Critical
DAIR_0360,7.39,3528.85,5007.27,1857.4,3040.07,590.73,60.11,2456.02,35.86,Critical
DAIR_0361,7.39,2398.58,3280.7,1265.03,3085.52,142.96,116.43,2712.74,39.6,Critical
DAIR_0362,6.59,3961.84,3958.93,1271.42,2576.91,422.67,28.96,2827.4,36.46,Critical
DAIR_0363,7.14,2565.96,4769.82,1863.08,4234.13,581.18,23.77,5228.4,35.59,Critical
DAIR_0364,7.18,1851.6,6226.6,1798.65,3869.67,282.88,85.96,3394.36,30.87,Critical
DAIR_0365,6.01,3953.66,5775.36,1479.36,2819.27,404.97,118.02,2399.22,32.47,Critical
DAIR_0366,6.47,3159.57,6977.63,1503.26,2847.68,1030.67,67.02,2580.22,29.58,Critical
DAIR_0367,6.86,2542.74,4185.43,1114.9,3303.59,1056.59,93.36,3081.46,33.07,Critical
DAIR_0368,6.1,1687.8,5415.83,1746.71,1700.29,147.98,95.29,1654.93,34.96,Critical
DAIR_0369,6.81,2538.22,6400.72,1889.94,4611.17,1124.35,112.23,3754.82,28.66,Critical
DAIR_0370,7.43,2350.67,4920.78,1838.15,2900.04,471.55,89.57,3616.21,30.81,Critical
DAIR_0371,6.5,3344.2,5821.81,1076.42,4863.43,255.52,95.0,5379.14,26.3,Critical
DAIR_0372,6.7,2318.43,6284.23,909.21,2791.03,929.01,42.62,3458.37,28.84,Critical
DAIR_0373,7.04,1523.79,3212.31,1372.87,4040.24,307.57,44.13,3686.2,24.33,Critical
DAIR_0374,6.68,3799.68,5219.9,905.21,4778.9,111.45,91.22,6110.37,27.06,Critical
DAIR_0375,6.52,2699.88,4260.16,1465.37,2764.75,1089.45,101.18,2970.23,29.36,Critical
DAIR_0376,7.66,4410.15,10132.81,3478.02,2060.86,561.36,60.07,1892.06,35.47,Critical
DAIR_0377,7.6,3816.38,4618.19,1909.19,4361.01,117.92,116.55,4899.72,36.52,Critical
DAIR_0378,6.71,3406.56,4105.25,1598.19,3239.71,392.13,31.99,3104.06,34.52,Critical
DAIR_0379,7.05,3408.33,4394.5,1791.02,4092.61,501.05,101.72,3442.92,29.2,Critical
DAIR_0380,6.59,1563.4,4809.35,1950.66,2523.42,660.8,88.84,3248.97,27.32,Critical
DAIR_0381,7.69,2155.74,5810.78,1954.7,2659.29,806.7,77.36,2298.19,31.63,Critical
DAIR_0382,7.28,1822.4,3139.19,1350.33,3422.87,759.64,92.79,2830.62,25.99,Critical
DAIR_0383,6.75,1744.89,4380.14,1514.44,2669.11,129.84,94.36,3305.65,36.13,Critical
DAIR_0384,7.39,3891.67,4356.1,1573.86,4223.21,581.4,78.91,4737.73,38.25,Critical
DAIR_0385,6.24,2686.14,6520.92,1256.96,3073.84,657.9,113.66,2900.02,33.77,Critical
DAIR_0386,7.52,3660.57,6437.61,1222.25,2918.82,367.82,112.8,3055.1,39.65,Critical
DAIR_0387,7.18,2927.88,5890.76,1700.35,4647.03,462.15,77.15,5733.03,24.24,Critical
DAIR_0388,7.64,3995.52,4482.64,977.32,4270.62,381.22,101.5,4224.68,35.82,Critical
DAIR_0389,7.39,2558.91,6067.79,1529.43,3053.4,396.7,69.51,2801.08,35.65,Critical
DAIR_0390,6.61,1771.83,3542.21,1180.22,2553.89,391.81,35.63,3256.59,30.96,Critical
DAIR_0391,7.05,3390.98,5609.76,807.42,2096.94,674.0,111.35,2271.72,28.14,Critical
DAIR_0392,7.54,1878.55,5382.16,1815.89,4238.93,966.65,93.97,3636.75,27.24,Critical
DAIR_0393,6.53,2100.27,5732.46,819.46,3899.47,639.09,92.17,4928.75,31.48,Critical
DAIR_0394,7.23,2834.37,5390.13,795.65,3685.06,451.2,57.01,3312.31,24.83,Critical
DAIR_0395,7.08,2194.91,6688.46,1456.53,2585.7,1081.31,29.8,2710.66,38.34,Critical
DAIR_0396,7.31,3844.54,4018.1,1682.81,4399.87,1133.34,87.44,5146.46,35.27,Critical
DAIR_0397,7.38,2413.24,6962.74,1514.03,1930.73,615.24,30.79,1606.45,29.78,Critical
DAIR_0398,7.74,1678.23,5162.71,1927.61,3874.3,675.77,56.67,3823.65,24.23,Critical
DAIR_0399,7.23,3051.93,5172.12,803.96,3745.63,498.42,20.64,4572.19,37.65,Critical
DAIR_0400,6.3,3075.1,3711.12,904.26,4609.09,1186.42,91.14,5595.84,29.93,Critical
DAIR_0401,6.27,2534.13,4572.73,1332.75,3153.47,455.03,75.14,3920.08,32.6,Critical
DAIR_0402,6.19,3231.72,6209.26,1376.25,4248.28,1035.24,119.99,5440.59,39.95,Critical
DAIR_0403,7.45,3635.54,6469.57,847.25,2159.06,883.54,54.4,2172.68,38.33,Critical
DAIR_0404,7.78,1955.49,6234.56,1141.37,3495.26,1171.8,30.53,3011.31,39.72,Critical
DAIR_0405,6.28,3967.21,4313.43,1323.67,3215.48,1083.23,89.04,2644.96,38.5,Critical
DAIR_0406,6.59,2647.97,4802.5,1455.98,2704.4,631.52,82.19,2612.06,32.37,Critical
DAIR_0407,6.32,2983.87,4612.26,1621.65,3939.79,572.95,58.61,3972.5,24.35,Critical
DAIR_0408,6.93,3771.06,3118.76,741.13,3731.98,379.94,90.4,4392.15,35.83,Critical
DAIR_0409,7.1,3067.1,3920.66,828.05,3996.56,1053.31,41.99,5111.46,30.09,Critical
DAIR_0410,6.99,6687.27,4901.9,2148.77,2508.12,460.87,95.12,2972.5,27.37,Critical
DAIR_0411,7.46,2453.02,4431.57,1500.81,1606.12,1068.89,118.81,1708.48,26.72,Critical
DAIR_0412,6.35,3567.04,6972.01,1505.1,4872.39,844.35,116.08,4092.49,30.75,Critical
DAIR_0413,7.62,3149.24,6941.77,1089.16,4355.7,707.93,20.02,4861.09,30.9,Critical
DAIR_0414,7.18,3541.28,4532.53,1344.78,1836.18,651.1,40.85,1852.53,39.27,Critical
DAIR_0415,6.14,3712.36,4927.9,1510.15,2102.76,609.26,71.21,2594.28,30.82,Critical
DAIR_0416,6.15,1926.5,6920.73,1674.4,3321.15,1181.61,85.12,2776.55,25.88,Critical
DAIR_0417,6.49,1734.2,4246.5,1022.05,4293.18,1080.96,36.79,4806.3,24.81,Critical
DAIR_0418,7.77,3767.62,3466.2,822.71,2282.32,602.12,102.18,2917.54,28.16,Critical
DAIR_0419,6.37,3900.78,4293.1,1988.05,3148.39,994.84,99.56,3117.28,24.17,Critical
DAIR_0420,6.98,2888.84,6313.39,1434.01,3255.67,1134.92,58.36,3862.44,31.53,Critical
DAIR_0421,7.3,3824.23,5711.49,1177.74,1577.45,982.46,64.4,1687.58,32.99,Critical
DAIR_0422,6.9,2659.12,3053.47,1514.83,2288.69,780.06,92.37,2498.87,25.53,Critical
DAIR_0423,6.4,3721.38,3482.71,1848.55,2349.91,223.26,77.21,2409.96,25.4,Critical
DAIR_0424,6.93,2287.2,6672.68,1150.65,3256.77,805.6,82.49,3808.53,37.77,Critical
DAIR_0425,7.19,3899.06,4479.05,1991.04,4204.47,659.08,92.58,4897.02,39.7,Critical
DAIR_0426,7.33,2902.45,4696.33,1626.36,3937.42,1123.93,100.55,4607.9,32.35,Critical
DAIR_0427,7.11,2881.46,5746.25,1443.37,3007.94,1158.57,108.03,2542.96,36.53,Critical
DAIR_0428,7.6,2574.27,5028.57,1924.12,3872.34,456.61,75.47,4101.41,39.12,Critical
DAIR_0429,7.19,3472.23,5823.65,1732.15,4339.91,1186.97,108.43,5151.95,37.77,Critical
DAIR_0430,7.16,2265.19,5568.17,1130.75,3338.93,1004.79,81.21,3963.58,26.76,Critical
DAIR_0431,6.99,1794.2,5511.37,1455.46,1812.92,1138.67,49.11,1481.38,34.8,Critical
DAIR_0432,6.7,2040.64,3310.15,1477.68,2345.03,1103.67,86.92,2941.62,25.49,Critical
DAIR_0433,6.09,2378.76,4308.13,1848.81,3350.36,575.04,66.63,3460.15,31.24,Critical
DAIR_0434,6.63,3796.56,4505.03,780.03,2187.86,960.0,59.8,2141.8,24.69,Critical
DAIR_0435,6.87,1956.86,3126.83,737.78,2172.55,100.51,71.73,2681.33,31.92,Critical
DAIR_0436,7.0,1649.5,4235.47,974.72,4892.12,648.17,112.66,4485.17,29.2,Critical
DAIR_0437,6.35,2010.1,6694.62,1220.59,2894.25,514.37,56.05,2897.27,39.55,Critical
DAIR_0438,6.83,2295.72,5223.61,1325.97,2209.03,819.02,63.43,2038.57,33.88,Critical
DAIR_0439,6.79,1640.24,3922.53,1669.31,1665.63,938.08,70.19,1555.16,38.17,Critical
DAIR_0440,7.13,1696.65,5000.11,1686.67,2135.26,1004.17,82.61,2596.74,32.86,Critical
DAIR_0441,6.98,3396.33,5611.11,1302.0,3109.18,873.85,31.54,2561.43,38.47,Critical
DAIR_0442,7.59,2335.77,6392.91,726.2,2271.5,633.7,81.5,2123.34,34.21,Critical
DAIR_0443,6.33,2055.46,4678.82,1957.23,2432.38,871.75,97.91,2816.33,35.63,Critical
DAIR_0444,6.86,3013.69,5276.76,1299.8,4862.15,1064.13,57.98,4288.91,37.0,Critical
DAIR_0445,7.11,3354.39,6221.35,1563.46,1632.09,1153.46,70.77,2052.28,28.2,Critical
DAIR_0446,6.79,1898.96,4385.51,1436.91,1654.14,946.25,83.9,1911.79,27.69,Critical
DAIR_0447,6.06,2889.37,4556.14,1328.97,4128.5,693.18,24.27,4019.14,33.96,Critical
DAIR_0448,6.28,3373.91,6291.54,1295.65,2784.29,644.41,47.81,3392.36,36.49,Critical
DAIR_0449,6.57,3624.89,5307.36,1106.81,4067.41,522.68,23.5,4474.94,34.5,Critical
DAIR_0450,6.05,2009.01,4027.34,1566.38,3765.08,537.24,30.01,4818.66,27.69,Critical
DAIR_0451,7.21,2417.14,6103.23,845.08,3820.79,368.63,103.6,3194.5,29.96,Critical
DAIR_0452,6.86,3216.26,3623.16,1859.82,4799.4,1032.67,90.9,4017.51,28.82,Critical
DAIR_0453,7.01,3280.19,4638.96,1881.52,1741.81,531.36,110.99,1495.35,29.27,Critical
DAIR_0454,7.52,3461.44,4430.49,1676.66,2865.08,306.42,22.06,3672.47,30.19,Critical
DAIR_0455,6.09,1700.83,4015.59,1244.63,1799.92,1123.67,54.26,2011.24,25.22,Critical
DAIR_0456,6.53,3318.96,6960.63,1485.71,4537.7,975.45,40.38,5188.3,29.49,Critical
DAIR_0457,7.66,2069.61,5175.46,1368.22,3591.84,1072.09,98.65,4411.85,33.35,Critical
DAIR_0458,7.07,2944.42,3616.75,1973.0,4303.38,155.8,57.96,3945.75,32.92,Critical
DAIR_0459,6.35,2455.6,3766.08,715.78,2622.32,713.86,105.36,2845.83,32.02,Critical
DAIR_0460,6.29,2622.88,4732.21,1774.75,2149.08,497.37,81.94,2287.96,28.44,Critical
DAIR_0461,7.35,1599.84,6369.5,1470.3,2304.34,393.41,75.4,2234.99,28.06,Critical
DAIR_0462,7.04,5271.68,10611.96,1785.07,1798.72,427.88,107.86,1736.25,27.06,Critical
DAIR_0463,7.69,2419.42,5120.72,908.57,3769.22,964.22,90.05,3051.32,36.4,Critical
DAIR_0464,6.95,3248.26,3891.16,798.13,2226.28,1112.93,47.32,2185.38,37.22,Critical
DAIR_0465,6.78,3004.36,6190.23,1195.7,1511.77,1111.76,93.47,1341.56,35.44,Critical
DAIR_0466,6.39,2510.84,4781.44,723.2,4520.19,861.23,98.61,3866.76,32.79,Critical
DAIR_0467,7.14,2937.79,3752.0,1549.28,2726.99,1064.56,58.69,3140.29,34.5,Critical
DAIR_0468,7.74,2508.64,3765.37,938.76,4262.16,929.96,79.47,4054.2,29.1,Critical
DAIR_0469,6.84,3983.92,5574.78,1530.95,1835.88,954.55,88.11,1947.19,27.37,Critical
DAIR_0470,7.1,3746.75,4866.6,1064.53,3372.43,819.1,58.26,3637.19,32.37,Critical
DAIR_0471,7.55,1627.41,5979.89,964.91,2309.66,691.01,117.9,2584.47,39.94,Critical
DAIR_0472,7.04,2139.68,4027.88,1379.17,2051.52,1011.61,54.53,1841.99,31.64,Critical
DAIR_0473,6.83,3552.88,5564.52,1925.73,3652.38,540.08,36.2,3972.22,25.48,Critical
DAIR_0474,6.95,3665.95,3004.72,1165.55,2280.97,536.37,93.54,2560.11,33.04,Critical
DAIR_0475,7.19,3598.77,6198.98,1930.39,4470.05,895.66,50.15,4792.42,29.24,Critical
DAIR_0476,7.44,2447.44,5968.96,830.82,2384.69,735.52,59.55,2045.78,25.68,Critical
DAIR_0477,7.34,1862.78,6168.68,876.89,2275.26,544.92,45.01,2325.33,36.02,Critical
DAIR_0478,7.72,3469.14,5024.4,883.24,3914.47,429.23,84.99,3877.43,36.15,Critical
DAIR_0479,6.53,2924.52,5162.5,761.11,2598.14,1171.4,62.37,3164.36,29.87,Critical
DAIR_0480,7.34,3184.77,4007.33,1287.87,3057.77,426.85,38.69,3815.6,31.33,Critical
DAIR_0481,7.8,3362.1,3895.81,997.66,4795.83,873.77,66.09,4397.68,35.52,Critical
DAIR_0482,7.74,2538.93,3406.67,1926.22,1976.54,902.85,89.05,1994.48,26.37,Critical
DAIR_0483,6.32,1503.0,6807.01,1465.4,3393.1,1195.79,80.56,3911.45,33.83,Critical
DAIR_0484,7.07,1677.72,5412.24,1319.29,3366.99,403.21,73.35,3561.6,30.07,Critical
DAIR_0485,7.24,1598.14,5969.11,703.22,2811.15,331.21,25.48,3169.31,38.88,Critical
DAIR_0486,6.4,1667.24,4682.78,726.25,3583.4,944.17,47.85,4589.73,34.47,Critical
DAIR_0487,6.36,1940.48,3644.08,1234.92,3011.91,141.69,71.91,2953.35,34.4,Critical
DAIR_0488,6.35,3343.25,3971.97,1258.98,2112.65,1089.03,50.12,1981.81,37.46,Critical
DAIR_0489,7.67,1825.4,6700.6,1546.41,3642.43,272.69,63.47,4515.32,31.41,Critical
DAIR_0490,6.08,1690.82,6388.62,928.15,1922.76,819.98,21.1,2205.75,25.07,Critical
DAIR_0491,7.66,1896.83,5127.71,1379.08,3405.16,950.35,47.53,3392.06,26.56,Critical
DAIR_0492,7.29,2059.17,6283.14,1910.43,3921.85,126.8,71.74,4413.73,28.43,Critical
DAIR_0493,6.53,3258.94,4529.59,1555.0,2377.43,925.29,38.4,2149.83,27.82,Critical
DAIR_0494,6.69,3860.63,5498.31,1088.27,3049.09,291.81,59.21,2457.69,29.13,Critical
DAIR_0495,7.6,2892.75,4106.52,1446.0,4197.15,559.54,56.43,5393.26,25.99,Critical
DAIR_0496,7.37,3940.49,3155.43,1863.74,3512.9,749.12,59.23,3531.09,34.4,Critical
DAIR_0497,6.01,3379.78,4826.02,1981.87,4171.19,462.82,40.58,4342.46,29.05,Critical
DAIR_0498,7.31,1837.8,5573.81,1176.08,4230.57,632.74,96.4,4819.88,37.6,Critical
DAIR_0499,7.63,2088.61,6366.99,888.48,3899.12,742.35,84.57,3463.19,26.46,Critical
DAIR_0500,7.57,1919.73,6752.99,1049.29,4463.95,497.85,107.04,4241.17,28.13,Critical
